País,Capacidad_kW,DC_AC_Ratio,Tilt,Azimuth,Energía_MWh,LCOE_$_kWh
CHL,10000,1.0,17.3,45,21850.69,0.0155
CHL,10000,1.0,22.3,45,21979.44,0.0155
CHL,10000,1.0,27.3,45,21985.01,0.0155
CHL,10000,1.0,32.3,45,21866.38,0.0155
CHL,10000,1.1,17.3,45,21850.72,0.0155
CHL,10000,1.1,22.3,45,21978.44,0.0155
CHL,10000,1.1,27.3,45,21983.54,0.0155
CHL,10000,1.1,32.3,45,21864.71,0.0155
CHL,10000,1.2,17.3,45,21845.07,0.0155
CHL,10000,1.2,22.3,45,21970.97,0.0155
CHL,10000,1.2,27.3,45,21972.77,0.0155
CHL,10000,1.2,32.3,45,21848.32,0.0155
CHL,10000,1.3,17.3,45,21690.33,0.0155
CHL,10000,1.3,22.3,45,21785.18,0.0155
CHL,10000,1.3,27.3,45,21750.95,0.0155
CHL,10000,1.0,12.3,45,21582.74,0.0156
CHL,10000,1.0,12.3,0,21246.27,0.0156
CHL,10000,1.0,17.3,0,21415.12,0.0156
CHL,10000,1.0,22.3,0,21448.47,0.0156
CHL,10000,1.0,27.3,0,21348.09,0.0156
CHL,10000,1.1,12.3,45,21583.8,0.0156
CHL,10000,1.1,12.3,0,21248.67,0.0156
CHL,10000,1.1,17.3,0,21417.13,0.0156
CHL,10000,1.1,22.3,0,21450.29,0.0156
CHL,10000,1.1,27.3,0,21349.89,0.0156
CHL,10000,1.2,12.3,45,21579.37,0.0156
CHL,10000,1.2,12.3,0,21247.11,0.0156
CHL,10000,1.2,17.3,0,21415.18,0.0156
CHL,10000,1.2,22.3,0,21448.16,0.0156
CHL,10000,1.2,27.3,0,21347.74,0.0156
CHL,10000,1.3,12.3,45,21454.87,0.0156
CHL,10000,1.3,17.3,0,21362.97,0.0156
CHL,10000,1.3,22.3,0,21403.29,0.0156
CHL,10000,1.3,27.3,0,21303.02,0.0156
CHL,10000,1.3,32.3,45,21548.08,0.0156
CHL,10000,1.4,17.3,45,21261.08,0.0156
CHL,10000,1.4,22.3,45,21287.39,0.0156
CHL,10000,1.0,12.3,90,20922.78,0.0157
CHL,10000,1.0,17.3,90,20910.83,0.0157
CHL,10000,1.0,32.3,0,21114.06,0.0157
CHL,10000,1.1,12.3,90,20924.42,0.0157
CHL,10000,1.1,17.3,90,20911.54,0.0157
CHL,10000,1.1,32.3,0,21116.07,0.0157
CHL,10000,1.2,12.3,90,20915.84,0.0157
CHL,10000,1.2,17.3,90,20894.24,0.0157
CHL,10000,1.2,32.3,0,21114.19,0.0157
CHL,10000,1.3,12.3,0,21185.51,0.0157
CHL,10000,1.3,32.3,0,21067.38,0.0157
CHL,10000,1.4,12.3,45,21083.31,0.0157
CHL,10000,1.4,12.3,0,20873.23,0.0157
CHL,10000,1.4,17.3,0,21038.96,0.0157
CHL,10000,1.4,22.3,0,21076.57,0.0157
CHL,10000,1.4,27.3,45,21138.18,0.0157
CHL,10000,1.4,27.3,0,20989.08,0.0157
CHL,10000,1.0,22.3,90,20786.6,0.0158
CHL,10000,1.0,27.3,90,20578.15,0.0158
CHL,10000,1.1,22.3,90,20786.91,0.0158
CHL,10000,1.1,27.3,90,20578.13,0.0158
CHL,10000,1.2,22.3,90,20758.38,0.0158
CHL,10000,1.2,27.3,90,20531.97,0.0158
CHL,10000,1.3,12.3,90,20778.69,0.0158
CHL,10000,1.3,17.3,90,20714.04,0.0158
CHL,10000,1.3,22.3,90,20530.25,0.0158
CHL,10000,1.4,32.3,45,20846.0,0.0158
CHL,10000,1.4,32.3,0,20773.01,0.0158
CHL,10000,1.0,32.3,90,20286.2,0.0159
CHL,10000,1.1,32.3,90,20285.87,0.0159
CHL,10000,1.2,32.3,90,20207.46,0.0159
CHL,10000,1.3,27.3,90,20230.88,0.0159
CHL,10000,1.4,12.3,90,20434.47,0.0159
CHL,10000,1.4,17.3,90,20326.33,0.0159
CHL,10000,1.0,12.3,315,20036.38,0.016
CHL,10000,1.1,12.3,315,20040.85,0.016
CHL,10000,1.2,12.3,315,20041.34,0.016
CHL,10000,1.3,12.3,315,20013.15,0.016
CHL,10000,1.4,22.3,90,20073.27,0.016
CHL,10000,1.0,17.3,315,19735.51,0.0161
CHL,10000,1.1,17.3,315,19740.26,0.0161
CHL,10000,1.2,17.3,315,19741.01,0.0161
CHL,10000,1.3,17.3,315,19726.63,0.0161
CHL,10000,1.3,32.3,90,19776.69,0.0161
CHL,10000,1.4,12.3,315,19780.76,0.0161
CHL,10000,1.4,17.3,315,19513.9,0.0161
CHL,10000,1.4,27.3,90,19647.19,0.0161
CHL,10000,1.0,22.3,315,19371.11,0.0162
CHL,10000,1.1,22.3,315,19376.23,0.0162
CHL,10000,1.2,22.3,315,19377.35,0.0162
CHL,10000,1.3,22.3,315,19371.31,0.0162
CHL,10000,1.0,27.3,315,18957.15,0.0163
CHL,10000,1.1,27.3,315,18962.75,0.0163
CHL,10000,1.2,27.3,315,18964.36,0.0163
CHL,10000,1.3,27.3,315,18961.25,0.0163
CHL,10000,1.4,22.3,315,19192.35,0.0163
CHL,10000,1.4,32.3,90,19095.49,0.0163
CHL,10000,1.0,12.3,270,18732.4,0.0164
CHL,10000,1.1,12.3,270,18738.85,0.0164
CHL,10000,1.2,12.3,270,18741.31,0.0164
CHL,10000,1.3,12.3,270,18720.94,0.0164
CHL,10000,1.4,27.3,315,18825.63,0.0164
CHL,10000,1.0,32.3,315,18485.11,0.0165
CHL,10000,1.1,32.3,315,18491.31,0.0165
CHL,10000,1.2,32.3,315,18493.52,0.0165
CHL,10000,1.3,32.3,315,18491.51,0.0165
CHL,10000,1.4,12.3,270,18547.55,0.0165
CHL,10000,1.4,32.3,315,18401.3,0.0165
CHL,10000,1.0,17.3,270,17967.71,0.0167
CHL,10000,1.1,17.3,270,17974.98,0.0167
CHL,10000,1.2,17.3,270,17978.26,0.0167
CHL,10000,1.3,17.3,270,17967.5,0.0167
CHL,10000,1.4,17.3,270,17824.24,0.0167
CHL,10000,1.0,22.3,270,17293.27,0.0169
CHL,10000,1.1,22.3,270,17301.33,0.0169
CHL,10000,1.2,22.3,270,17305.39,0.0169
CHL,10000,1.3,22.3,270,17300.99,0.0169
CHL,10000,1.4,22.3,270,17184.49,0.017
CHL,10000,1.0,27.3,270,16638.76,0.0172
CHL,10000,1.1,27.3,270,16647.61,0.0172
CHL,10000,1.2,27.3,270,16652.46,0.0172
CHL,10000,1.3,27.3,270,16651.9,0.0172
CHL,10000,1.4,27.3,270,16561.19,0.0172
CHL,10000,1.0,32.3,270,16005.31,0.0175
CHL,10000,1.1,32.3,270,16014.95,0.0175
CHL,10000,1.2,32.3,270,16020.59,0.0175
CHL,10000,1.3,32.3,270,16022.42,0.0175
CHL,10000,1.4,32.3,270,15955.18,0.0175
CHL,5000,1.0,22.3,45,10989.72,0.0209
CHL,5000,1.0,27.3,45,10992.51,0.0209
CHL,5000,1.1,22.3,45,10989.22,0.0209
CHL,5000,1.1,27.3,45,10991.77,0.0209
CHL,5000,1.2,22.3,45,10985.49,0.0209
CHL,5000,1.2,27.3,45,10986.39,0.0209
CHL,5000,1.0,17.3,45,10925.35,0.021
CHL,5000,1.0,32.3,45,10933.19,0.021
CHL,5000,1.1,17.3,45,10925.36,0.021
CHL,5000,1.1,32.3,45,10932.36,0.021
CHL,5000,1.2,17.3,45,10922.54,0.021
CHL,5000,1.2,32.3,45,10924.16,0.021
CHL,5000,1.3,22.3,45,10892.59,0.021
CHL,5000,1.3,27.3,45,10875.48,0.021
CHL,5000,1.0,12.3,45,10791.37,0.0211
CHL,5000,1.1,12.3,45,10791.9,0.0211
CHL,5000,1.2,12.3,45,10789.69,0.0211
CHL,5000,1.3,17.3,45,10845.16,0.0211
CHL,5000,1.3,32.3,45,10774.04,0.0211
CHL,5000,1.0,17.3,0,10707.56,0.0212
CHL,5000,1.0,22.3,0,10724.23,0.0212
CHL,5000,1.0,27.3,0,10674.04,0.0212
CHL,5000,1.1,17.3,0,10708.57,0.0212
CHL,5000,1.1,22.3,0,10725.15,0.0212
CHL,5000,1.1,27.3,0,10674.94,0.0212
CHL,5000,1.2,17.3,0,10707.59,0.0212
CHL,5000,1.2,22.3,0,10724.08,0.0212
CHL,5000,1.2,27.3,0,10673.87,0.0212
CHL,5000,1.3,12.3,45,10727.43,0.0212
CHL,5000,1.3,17.3,0,10681.49,0.0212
CHL,5000,1.3,22.3,0,10701.64,0.0212
CHL,5000,1.0,12.3,0,10623.13,0.0213
CHL,5000,1.1,12.3,0,10624.34,0.0213
CHL,5000,1.2,12.3,0,10623.55,0.0213
CHL,5000,1.3,12.3,0,10592.75,0.0213
CHL,5000,1.3,27.3,0,10651.51,0.0213
CHL,5000,1.4,17.3,45,10630.54,0.0213
CHL,5000,1.4,22.3,45,10643.7,0.0213
CHL,5000,1.0,32.3,0,10557.03,0.0214
CHL,5000,1.1,32.3,0,10558.03,0.0214
CHL,5000,1.2,32.3,0,10557.09,0.0214
CHL,5000,1.3,32.3,0,10533.69,0.0214
CHL,5000,1.4,12.3,45,10541.66,0.0214
CHL,5000,1.4,17.3,0,10519.48,0.0214
CHL,5000,1.4,22.3,0,10538.28,0.0214
CHL,5000,1.4,27.3,45,10569.09,0.0214
CHL,5000,1.4,27.3,0,10494.54,0.0214
CHL,5000,1.0,12.3,90,10461.39,0.0215
CHL,5000,1.0,17.3,90,10455.41,0.0215
CHL,5000,1.0,22.3,90,10393.3,0.0215
CHL,5000,1.1,12.3,90,10462.21,0.0215
CHL,5000,1.1,17.3,90,10455.77,0.0215
CHL,5000,1.1,22.3,90,10393.46,0.0215
CHL,5000,1.2,12.3,90,10457.92,0.0215
CHL,5000,1.2,17.3,90,10447.12,0.0215
CHL,5000,1.4,12.3,0,10436.61,0.0215
CHL,5000,1.4,32.3,45,10423.0,0.0215
CHL,5000,1.2,22.3,90,10379.19,0.0216
CHL,5000,1.3,12.3,90,10389.34,0.0216
CHL,5000,1.3,17.3,90,10357.02,0.0216
CHL,5000,1.4,32.3,0,10386.51,0.0216
CHL,5000,1.0,27.3,90,10289.07,0.0217
CHL,5000,1.1,27.3,90,10289.07,0.0217
CHL,5000,1.2,27.3,90,10265.98,0.0217
CHL,5000,1.3,22.3,90,10265.12,0.0217
CHL,5000,1.4,12.3,90,10217.24,0.0217
CHL,5000,1.0,32.3,90,10143.1,0.0218
CHL,5000,1.1,32.3,90,10142.93,0.0218
CHL,5000,1.4,17.3,90,10163.16,0.0218
CHL,5000,1.2,32.3,90,10103.73,0.0219
CHL,5000,1.3,27.3,90,10115.44,0.0219
CHL,5000,1.0,12.3,315,10018.19,0.022
CHL,5000,1.1,12.3,315,10020.43,0.022
CHL,5000,1.2,12.3,315,10020.67,0.022
CHL,5000,1.3,12.3,315,10006.58,0.022
CHL,5000,1.4,22.3,90,10036.63,0.022
CHL,5000,1.3,32.3,90,9888.34,0.0221
CHL,5000,1.4,12.3,315,9890.38,0.0221
CHL,5000,1.0,17.3,315,9867.76,0.0222
CHL,5000,1.1,17.3,315,9870.13,0.0222
CHL,5000,1.2,17.3,315,9870.51,0.0222
CHL,5000,1.3,17.3,315,9863.32,0.0222
CHL,5000,1.4,27.3,90,9823.6,0.0222
CHL,5000,1.4,17.3,315,9756.95,0.0223
CHL,5000,1.0,22.3,315,9685.55,0.0224
CHL,5000,1.1,22.3,315,9688.11,0.0224
CHL,5000,1.2,22.3,315,9688.68,0.0224
CHL,5000,1.3,22.3,315,9685.66,0.0224
CHL,5000,1.4,22.3,315,9596.17,0.0225
CHL,5000,1.4,32.3,90,9547.75,0.0226
CHL,5000,1.0,27.3,315,9478.58,0.0227
CHL,5000,1.1,27.3,315,9481.37,0.0227
CHL,5000,1.2,27.3,315,9482.18,0.0227
CHL,5000,1.3,27.3,315,9480.63,0.0227
CHL,5000,1.4,27.3,315,9412.82,0.0227
CHL,5000,1.0,12.3,270,9366.2,0.0228
CHL,5000,1.1,12.3,270,9369.42,0.0228
CHL,5000,1.2,12.3,270,9370.65,0.0228
CHL,5000,1.3,12.3,270,9360.47,0.0228
CHL,5000,1.4,12.3,270,9273.77,0.0229
CHL,5000,1.0,32.3,315,9242.56,0.023
CHL,5000,1.1,32.3,315,9245.66,0.023
CHL,5000,1.2,32.3,315,9246.76,0.023
CHL,5000,1.3,32.3,315,9245.75,0.023
CHL,5000,1.4,32.3,315,9200.65,0.023
CHL,5000,1.2,17.3,270,8989.13,0.0233
CHL,5000,1.0,17.3,270,8983.85,0.0234
CHL,5000,1.1,17.3,270,8987.49,0.0234
CHL,5000,1.3,17.3,270,8983.75,0.0234
CHL,5000,1.4,17.3,270,8912.12,0.0235
CHL,5000,1.0,22.3,270,8646.63,0.0239
CHL,5000,1.1,22.3,270,8650.67,0.0239
CHL,5000,1.2,22.3,270,8652.7,0.0239
CHL,5000,1.3,22.3,270,8650.5,0.0239
CHL,5000,1.4,22.3,270,8592.24,0.024
CHL,5000,1.0,27.3,270,8319.38,0.0244
CHL,5000,1.1,27.3,270,8323.8,0.0244
CHL,5000,1.2,27.3,270,8326.23,0.0244
CHL,5000,1.3,27.3,270,8325.95,0.0244
CHL,5000,1.4,27.3,270,8280.59,0.0245
CHL,5000,1.0,32.3,270,8002.65,0.025
CHL,5000,1.1,32.3,270,8007.47,0.025
CHL,5000,1.2,32.3,270,8010.3,0.025
CHL,5000,1.3,32.3,270,8011.21,0.025
CHL,5000,1.4,32.3,270,7977.59,0.025
CHL,1000,1.0,22.3,45,2197.94,0.0646
CHL,1000,1.0,27.3,45,2198.5,0.0646
CHL,1000,1.1,22.3,45,2197.84,0.0646
CHL,1000,1.1,27.3,45,2198.35,0.0646
CHL,1000,1.2,22.3,45,2197.1,0.0646
CHL,1000,1.2,27.3,45,2197.28,0.0646
CHL,1000,1.0,17.3,45,2185.07,0.0649
CHL,1000,1.0,32.3,45,2186.64,0.0649
CHL,1000,1.1,17.3,45,2185.07,0.0649
CHL,1000,1.1,32.3,45,2186.47,0.0649
CHL,1000,1.2,17.3,45,2184.51,0.0649
CHL,1000,1.2,32.3,45,2184.83,0.0649
CHL,1000,1.3,22.3,45,2178.52,0.0651
CHL,1000,1.3,27.3,45,2175.1,0.0652
CHL,1000,1.3,17.3,45,2169.03,0.0653
CHL,1000,1.0,12.3,45,2158.27,0.0656
CHL,1000,1.1,12.3,45,2158.38,0.0656
CHL,1000,1.2,12.3,45,2157.94,0.0656
CHL,1000,1.3,32.3,45,2154.81,0.0657
CHL,1000,1.0,22.3,0,2144.85,0.0659
CHL,1000,1.1,22.3,0,2145.03,0.0659
CHL,1000,1.2,22.3,0,2144.82,0.0659
CHL,1000,1.3,12.3,45,2145.49,0.0659
CHL,1000,1.0,17.3,0,2141.51,0.066
CHL,1000,1.1,17.3,0,2141.71,0.066
CHL,1000,1.2,17.3,0,2141.52,0.066
CHL,1000,1.3,22.3,0,2140.33,0.0661
CHL,1000,1.0,27.3,0,2134.81,0.0662
CHL,1000,1.1,27.3,0,2134.99,0.0662
CHL,1000,1.2,27.3,0,2134.77,0.0662
CHL,1000,1.3,17.3,0,2136.3,0.0662
CHL,1000,1.3,27.3,0,2130.3,0.0663
CHL,1000,1.4,17.3,45,2126.11,0.0664
CHL,1000,1.4,22.3,45,2128.74,0.0664
CHL,1000,1.0,12.3,0,2124.63,0.0665
CHL,1000,1.1,12.3,0,2124.87,0.0665
CHL,1000,1.2,12.3,0,2124.71,0.0665
CHL,1000,1.3,12.3,0,2118.55,0.0666
CHL,1000,1.0,32.3,0,2111.41,0.0668
CHL,1000,1.1,32.3,0,2111.61,0.0668
CHL,1000,1.2,32.3,0,2111.42,0.0668
CHL,1000,1.4,27.3,45,2113.82,0.0668
CHL,1000,1.4,12.3,45,2108.33,0.0669
CHL,1000,1.4,22.3,0,2107.66,0.0669
CHL,1000,1.3,32.3,0,2106.74,0.067
CHL,1000,1.4,17.3,0,2103.9,0.067
CHL,1000,1.4,27.3,0,2098.91,0.0672
CHL,1000,1.1,12.3,90,2092.44,0.0673
CHL,1000,1.0,12.3,90,2092.28,0.0674
CHL,1000,1.0,17.3,90,2091.08,0.0674
CHL,1000,1.1,17.3,90,2091.15,0.0674
CHL,1000,1.2,12.3,90,2091.58,0.0674
CHL,1000,1.2,17.3,90,2089.42,0.0674
CHL,1000,1.4,12.3,0,2087.32,0.0675
CHL,1000,1.4,32.3,45,2084.6,0.0676
CHL,1000,1.0,22.3,90,2078.66,0.0677
CHL,1000,1.1,22.3,90,2078.69,0.0677
CHL,1000,1.2,22.3,90,2075.84,0.0678
CHL,1000,1.3,12.3,90,2077.87,0.0678
CHL,1000,1.4,32.3,0,2077.3,0.0678
CHL,1000,1.3,17.3,90,2071.4,0.0679
CHL,1000,1.0,27.3,90,2057.81,0.0683
CHL,1000,1.1,27.3,90,2057.81,0.0683
CHL,1000,1.2,27.3,90,2053.2,0.0684
CHL,1000,1.3,22.3,90,2053.02,0.0685
CHL,1000,1.4,12.3,90,2043.45,0.0687
CHL,1000,1.4,17.3,90,2032.63,0.069
CHL,1000,1.0,32.3,90,2028.62,0.0692
CHL,1000,1.1,32.3,90,2028.59,0.0692
CHL,1000,1.3,27.3,90,2023.09,0.0693
CHL,1000,1.2,32.3,90,2020.75,0.0694
CHL,1000,1.4,22.3,90,2007.33,0.0698
CHL,1000,1.0,12.3,315,2003.64,0.0699
CHL,1000,1.1,12.3,315,2004.09,0.0699
CHL,1000,1.2,12.3,315,2004.13,0.0699
CHL,1000,1.3,12.3,315,2001.32,0.07
CHL,1000,1.3,32.3,90,1977.67,0.0707
CHL,1000,1.4,12.3,315,1978.08,0.0707
CHL,1000,1.0,17.3,315,1973.55,0.0708
CHL,1000,1.1,17.3,315,1974.03,0.0708
CHL,1000,1.2,17.3,315,1974.1,0.0708
CHL,1000,1.3,17.3,315,1972.66,0.0708
CHL,1000,1.4,27.3,90,1964.72,0.0711
CHL,1000,1.4,17.3,315,1951.39,0.0715
CHL,1000,1.0,22.3,315,1937.11,0.0719
CHL,1000,1.1,22.3,315,1937.62,0.0719
CHL,1000,1.2,22.3,315,1937.74,0.0719
CHL,1000,1.3,22.3,315,1937.13,0.0719
CHL,1000,1.4,22.3,315,1919.23,0.0725
CHL,1000,1.4,32.3,90,1909.55,0.0728
CHL,1000,1.0,27.3,315,1895.72,0.0733
CHL,1000,1.1,27.3,315,1896.27,0.0733
CHL,1000,1.2,27.3,315,1896.44,0.0733
CHL,1000,1.3,27.3,315,1896.13,0.0733
CHL,1000,1.4,27.3,315,1882.56,0.0737
CHL,1000,1.1,12.3,270,1873.88,0.074
CHL,1000,1.2,12.3,270,1874.13,0.074
CHL,1000,1.0,12.3,270,1873.24,0.0741
CHL,1000,1.3,12.3,270,1872.09,0.0741
CHL,1000,1.4,12.3,270,1854.75,0.0747
CHL,1000,1.0,32.3,315,1848.51,0.0749
CHL,1000,1.1,32.3,315,1849.13,0.0749
CHL,1000,1.2,32.3,315,1849.35,0.0749
CHL,1000,1.3,32.3,315,1849.15,0.0749
CHL,1000,1.4,32.3,315,1840.13,0.0752
CHL,1000,1.2,17.3,270,1797.83,0.0767
CHL,1000,1.0,17.3,270,1796.77,0.0768
CHL,1000,1.1,17.3,270,1797.5,0.0768
CHL,1000,1.3,17.3,270,1796.75,0.0768
CHL,1000,1.4,17.3,270,1782.42,0.0773
CHL,1000,1.2,22.3,270,1730.54,0.0793
CHL,1000,1.0,22.3,270,1729.33,0.0794
CHL,1000,1.1,22.3,270,1730.13,0.0794
CHL,1000,1.3,22.3,270,1730.1,0.0794
CHL,1000,1.4,22.3,270,1718.45,0.0798
CHL,1000,1.0,27.3,270,1663.88,0.0821
CHL,1000,1.1,27.3,270,1664.76,0.0821
CHL,1000,1.2,27.3,270,1665.25,0.0821
CHL,1000,1.3,27.3,270,1665.19,0.0821
CHL,1000,1.4,27.3,270,1656.12,0.0825
CHL,1000,1.1,32.3,270,1601.49,0.0849
CHL,1000,1.2,32.3,270,1602.06,0.0849
CHL,1000,1.3,32.3,270,1602.24,0.0849
CHL,1000,1.0,32.3,270,1600.53,0.085
CHL,1000,1.4,32.3,270,1595.52,0.0852
CHL,500,1.0,22.3,45,1098.97,0.1192
CHL,500,1.0,27.3,45,1099.25,0.1192
CHL,500,1.1,22.3,45,1098.92,0.1192
CHL,500,1.1,27.3,45,1099.18,0.1192
CHL,500,1.2,22.3,45,1098.55,0.1192
CHL,500,1.2,27.3,45,1098.64,0.1192
CHL,500,1.0,17.3,45,1092.53,0.1198
CHL,500,1.0,32.3,45,1093.32,0.1198
CHL,500,1.1,17.3,45,1092.54,0.1198
CHL,500,1.1,32.3,45,1093.24,0.1198
CHL,500,1.2,32.3,45,1092.42,0.1198
CHL,500,1.2,17.3,45,1092.25,0.1199
CHL,500,1.3,22.3,45,1089.26,0.1202
CHL,500,1.3,27.3,45,1087.55,0.1203
CHL,500,1.3,17.3,45,1084.52,0.1206
CHL,500,1.0,12.3,45,1079.14,0.1212
CHL,500,1.1,12.3,45,1079.19,0.1212
CHL,500,1.2,12.3,45,1078.97,0.1212
CHL,500,1.3,32.3,45,1077.4,0.1214
CHL,500,1.0,22.3,0,1072.42,0.1219
CHL,500,1.1,22.3,0,1072.51,0.1219
CHL,500,1.2,22.3,0,1072.41,0.1219
CHL,500,1.3,12.3,45,1072.74,0.1219
CHL,500,1.0,17.3,0,1070.76,0.1221
CHL,500,1.1,17.3,0,1070.86,0.1221
CHL,500,1.2,17.3,0,1070.76,0.1221
CHL,500,1.3,22.3,0,1070.16,0.1221
CHL,500,1.3,17.3,0,1068.15,0.1223
CHL,500,1.0,27.3,0,1067.4,0.1224
CHL,500,1.1,27.3,0,1067.49,0.1224
CHL,500,1.2,27.3,0,1067.39,0.1224
CHL,500,1.3,27.3,0,1065.15,0.1227
CHL,500,1.4,22.3,45,1064.37,0.1227
CHL,500,1.1,12.3,0,1062.43,0.1229
CHL,500,1.4,17.3,45,1063.05,0.1229
CHL,500,1.0,12.3,0,1062.31,0.123
CHL,500,1.2,12.3,0,1062.36,0.123
CHL,500,1.3,12.3,0,1059.28,0.1233
CHL,500,1.4,27.3,45,1056.91,0.1235
CHL,500,1.0,32.3,0,1055.7,0.1237
CHL,500,1.1,32.3,0,1055.8,0.1237
CHL,500,1.2,32.3,0,1055.71,0.1237
CHL,500,1.4,12.3,45,1054.17,0.1238
CHL,500,1.3,32.3,0,1053.37,0.1239
CHL,500,1.4,22.3,0,1053.83,0.1239
CHL,500,1.4,17.3,0,1051.95,0.1241
CHL,500,1.4,27.3,0,1049.45,0.1243
CHL,500,1.0,12.3,90,1046.14,0.1247
CHL,500,1.1,12.3,90,1046.22,0.1247
CHL,500,1.2,12.3,90,1045.79,0.1247
CHL,500,1.0,17.3,90,1045.54,0.1248
CHL,500,1.1,17.3,90,1045.58,0.1248
CHL,500,1.2,17.3,90,1044.71,0.1249
CHL,500,1.4,12.3,0,1043.66,0.125
CHL,500,1.4,32.3,45,1042.3,0.1251
CHL,500,1.0,22.3,90,1039.33,0.1255
CHL,500,1.1,22.3,90,1039.35,0.1255
CHL,500,1.3,12.3,90,1038.93,0.1255
CHL,500,1.4,32.3,0,1038.65,0.1255
CHL,500,1.2,22.3,90,1037.92,0.1256
CHL,500,1.3,17.3,90,1035.7,0.1259
CHL,500,1.0,27.3,90,1028.91,0.1266
CHL,500,1.1,27.3,90,1028.91,0.1266
CHL,500,1.2,27.3,90,1026.6,0.1269
CHL,500,1.3,22.3,90,1026.51,0.1269
CHL,500,1.4,12.3,90,1021.72,0.1274
CHL,500,1.4,17.3,90,1016.32,0.1281
CHL,500,1.0,32.3,90,1014.31,0.1283
CHL,500,1.1,32.3,90,1014.29,0.1283
CHL,500,1.3,27.3,90,1011.54,0.1286
CHL,500,1.2,32.3,90,1010.37,0.1288
CHL,500,1.4,22.3,90,1003.66,0.1296
CHL,500,1.0,12.3,315,1001.82,0.1298
CHL,500,1.1,12.3,315,1002.04,0.1298
CHL,500,1.2,12.3,315,1002.07,0.1298
CHL,500,1.3,12.3,315,1000.66,0.1299
CHL,500,1.4,12.3,315,989.04,0.1313
CHL,500,1.3,32.3,90,988.83,0.1314
CHL,500,1.0,17.3,315,986.78,0.1316
CHL,500,1.1,17.3,315,987.01,0.1316
CHL,500,1.2,17.3,315,987.05,0.1316
CHL,500,1.3,17.3,315,986.33,0.1317
CHL,500,1.4,27.3,90,982.36,0.1322
CHL,500,1.4,17.3,315,975.7,0.133
CHL,500,1.0,22.3,315,968.56,0.1339
CHL,500,1.1,22.3,315,968.81,0.1339
CHL,500,1.2,22.3,315,968.87,0.1339
CHL,500,1.3,22.3,315,968.57,0.1339
CHL,500,1.4,22.3,315,959.62,0.135
CHL,500,1.4,32.3,90,954.77,0.1357
CHL,500,1.0,27.3,315,947.86,0.1366
CHL,500,1.1,27.3,315,948.14,0.1366
CHL,500,1.2,27.3,315,948.22,0.1366
CHL,500,1.3,27.3,315,948.06,0.1366
CHL,500,1.4,27.3,315,941.28,0.1375
CHL,500,1.0,12.3,270,936.62,0.1381
CHL,500,1.1,12.3,270,936.94,0.1381
CHL,500,1.2,12.3,270,937.07,0.1381
CHL,500,1.3,12.3,270,936.05,0.1382
CHL,500,1.4,12.3,270,927.38,0.1394
CHL,500,1.0,32.3,315,924.26,0.1398
CHL,500,1.1,32.3,315,924.57,0.1398
CHL,500,1.2,32.3,315,924.68,0.1398
CHL,500,1.3,32.3,315,924.58,0.1398
CHL,500,1.4,32.3,315,920.07,0.1404
CHL,500,1.1,17.3,270,898.75,0.1435
CHL,500,1.2,17.3,270,898.91,0.1435
CHL,500,1.0,17.3,270,898.39,0.1436
CHL,500,1.3,17.3,270,898.37,0.1436
CHL,500,1.4,17.3,270,891.21,0.1446
CHL,500,1.1,22.3,270,865.07,0.1487
CHL,500,1.2,22.3,270,865.27,0.1487
CHL,500,1.3,22.3,270,865.05,0.1487
CHL,500,1.0,22.3,270,864.66,0.1488
CHL,500,1.4,22.3,270,859.22,0.1497
CHL,500,1.2,27.3,270,832.62,0.1541
CHL,500,1.3,27.3,270,832.59,0.1541
CHL,500,1.0,27.3,270,831.94,0.1542
CHL,500,1.1,27.3,270,832.38,0.1542
CHL,500,1.4,27.3,270,828.06,0.1549
CHL,500,1.2,32.3,270,801.03,0.1598
CHL,500,1.3,32.3,270,801.12,0.1598
CHL,500,1.1,32.3,270,800.75,0.1599
CHL,500,1.0,32.3,270,800.27,0.16
CHL,500,1.4,32.3,270,797.76,0.1604
CHL,100,1.0,27.3,45,219.85,0.5558
CHL,100,1.1,27.3,45,219.84,0.5559
CHL,100,1.0,22.3,45,219.79,0.556
CHL,100,1.1,22.3,45,219.78,0.556
CHL,100,1.2,27.3,45,219.73,0.5561
CHL,100,1.2,22.3,45,219.71,0.5562
CHL,100,1.0,32.3,45,218.66,0.5588
CHL,100,1.1,32.3,45,218.65,0.5588
CHL,100,1.0,17.3,45,218.51,0.5592
CHL,100,1.1,17.3,45,218.51,0.5592
CHL,100,1.2,32.3,45,218.48,0.5592
CHL,100,1.2,17.3,45,218.45,0.5593
CHL,100,1.3,22.3,45,217.85,0.5608
CHL,100,1.3,27.3,45,217.51,0.5617
CHL,100,1.3,17.3,45,216.9,0.5632
CHL,100,1.0,12.3,45,215.83,0.566
CHL,100,1.1,12.3,45,215.84,0.566
CHL,100,1.2,12.3,45,215.79,0.5661
CHL,100,1.3,32.3,45,215.48,0.5669
CHL,100,1.3,12.3,45,214.55,0.5693
CHL,100,1.1,22.3,0,214.5,0.5694
CHL,100,1.0,22.3,0,214.48,0.5695
CHL,100,1.2,22.3,0,214.48,0.5695
CHL,100,1.1,17.3,0,214.17,0.5703
CHL,100,1.0,17.3,0,214.15,0.5704
CHL,100,1.2,17.3,0,214.15,0.5704
CHL,100,1.3,22.3,0,214.03,0.5707
CHL,100,1.3,17.3,0,213.63,0.5717
CHL,100,1.0,27.3,0,213.48,0.5721
CHL,100,1.1,27.3,0,213.5,0.5721
CHL,100,1.2,27.3,0,213.48,0.5721
CHL,100,1.3,27.3,0,213.03,0.5733
CHL,100,1.4,22.3,45,212.87,0.5737
CHL,100,1.4,17.3,45,212.61,0.5744
CHL,100,1.1,12.3,0,212.49,0.5747
CHL,100,1.0,12.3,0,212.46,0.5748
CHL,100,1.2,12.3,0,212.47,0.5748
CHL,100,1.3,12.3,0,211.86,0.5764
CHL,100,1.4,27.3,45,211.38,0.5777
CHL,100,1.0,32.3,0,211.14,0.5783
CHL,100,1.1,32.3,0,211.16,0.5783
CHL,100,1.2,32.3,0,211.14,0.5783
CHL,100,1.4,12.3,45,210.83,0.5792
CHL,100,1.4,22.3,0,210.77,0.5794
CHL,100,1.3,32.3,0,210.67,0.5796
CHL,100,1.4,17.3,0,210.39,0.5804
CHL,100,1.4,27.3,0,209.89,0.5817
CHL,100,1.0,12.3,90,209.23,0.5835
CHL,100,1.1,12.3,90,209.24,0.5835
CHL,100,1.2,12.3,90,209.16,0.5837
CHL,100,1.1,17.3,90,209.12,0.5838
CHL,100,1.0,17.3,90,209.11,0.5839
CHL,100,1.2,17.3,90,208.94,0.5843
CHL,100,1.4,12.3,0,208.73,0.5849
CHL,100,1.4,32.3,45,208.46,0.5856
CHL,100,1.0,22.3,90,207.87,0.5873
CHL,100,1.1,22.3,90,207.87,0.5873
CHL,100,1.3,12.3,90,207.79,0.5875
CHL,100,1.4,32.3,0,207.73,0.5877
CHL,100,1.2,22.3,90,207.58,0.5881
CHL,100,1.3,17.3,90,207.14,0.5893
CHL,100,1.0,27.3,90,205.78,0.5931
CHL,100,1.1,27.3,90,205.78,0.5931
CHL,100,1.2,27.3,90,205.32,0.5945
CHL,100,1.3,22.3,90,205.3,0.5945
CHL,100,1.4,12.3,90,204.34,0.5972
CHL,100,1.4,17.3,90,203.26,0.6004
CHL,100,1.0,32.3,90,202.86,0.6015
CHL,100,1.1,32.3,90,202.86,0.6015
CHL,100,1.3,27.3,90,202.31,0.6032
CHL,100,1.2,32.3,90,202.07,0.6038
CHL,100,1.4,22.3,90,200.73,0.6078
CHL,100,1.1,12.3,315,200.41,0.6088
CHL,100,1.2,12.3,315,200.41,0.6088
CHL,100,1.0,12.3,315,200.36,0.6089
CHL,100,1.3,12.3,315,200.13,0.6096
CHL,100,1.4,12.3,315,197.81,0.6166
CHL,100,1.3,32.3,90,197.77,0.6168
CHL,100,1.1,17.3,315,197.4,0.6179
CHL,100,1.2,17.3,315,197.41,0.6179
CHL,100,1.0,17.3,315,197.36,0.618
CHL,100,1.3,17.3,315,197.27,0.6183
CHL,100,1.4,27.3,90,196.47,0.6208
CHL,100,1.4,17.3,315,195.14,0.6249
CHL,100,1.1,22.3,315,193.76,0.6293
CHL,100,1.2,22.3,315,193.77,0.6293
CHL,100,1.0,22.3,315,193.71,0.6295
CHL,100,1.3,22.3,315,193.71,0.6295
CHL,100,1.4,22.3,315,191.92,0.6352
CHL,100,1.4,32.3,90,190.95,0.6384
CHL,100,1.1,27.3,315,189.63,0.6428
CHL,100,1.2,27.3,315,189.64,0.6428
CHL,100,1.3,27.3,315,189.61,0.6429
CHL,100,1.0,27.3,315,189.57,0.643
CHL,100,1.4,27.3,315,188.26,0.6474
CHL,100,1.2,12.3,270,187.41,0.6503
CHL,100,1.1,12.3,270,187.39,0.6504
CHL,100,1.0,12.3,270,187.32,0.6506
CHL,100,1.3,12.3,270,187.21,0.651
CHL,100,1.4,12.3,270,185.48,0.657
CHL,100,1.2,32.3,315,184.94,0.6589
CHL,100,1.3,32.3,315,184.92,0.6589
CHL,100,1.1,32.3,315,184.91,0.659
CHL,100,1.0,32.3,315,184.85,0.6592
CHL,100,1.4,32.3,315,184.01,0.6621
CHL,100,1.2,17.3,270,179.78,0.6775
CHL,100,1.1,17.3,270,179.75,0.6776
CHL,100,1.0,17.3,270,179.68,0.6779
CHL,100,1.3,17.3,270,179.67,0.6779
CHL,100,1.4,17.3,270,178.24,0.6832
CHL,100,1.2,22.3,270,173.05,0.7034
CHL,100,1.1,22.3,270,173.01,0.7036
CHL,100,1.3,22.3,270,173.01,0.7036
CHL,100,1.0,22.3,270,172.93,0.7039
CHL,100,1.4,22.3,270,171.84,0.7083
CHL,100,1.2,27.3,270,166.52,0.7306
CHL,100,1.3,27.3,270,166.52,0.7306
CHL,100,1.1,27.3,270,166.48,0.7308
CHL,100,1.0,27.3,270,166.39,0.7312
CHL,100,1.4,27.3,270,165.61,0.7346
CHL,100,1.2,32.3,270,160.21,0.759
CHL,100,1.3,32.3,270,160.22,0.759
CHL,100,1.1,32.3,270,160.15,0.7593
CHL,100,1.0,32.3,270,160.05,0.7598
CHL,100,1.4,32.3,270,159.55,0.7621
CHN,10000,1.0,27.0,135,16891.67,0.0171
CHN,10000,1.0,32.0,135,16999.89,0.0171
CHN,10000,1.0,32.0,180,16831.95,0.0171
CHN,10000,1.0,37.0,135,17014.58,0.0171
CHN,10000,1.0,37.0,180,16810.81,0.0171
CHN,10000,1.0,42.0,135,16930.96,0.0171
CHN,10000,1.1,27.0,135,16899.1,0.0171
CHN,10000,1.1,32.0,135,17006.71,0.0171
CHN,10000,1.1,32.0,180,16839.88,0.0171
CHN,10000,1.1,37.0,135,17019.55,0.0171
CHN,10000,1.1,37.0,180,16818.62,0.0171
CHN,10000,1.1,42.0,135,16933.25,0.0171
CHN,10000,1.2,27.0,135,16897.9,0.0171
CHN,10000,1.2,32.0,135,16996.16,0.0171
CHN,10000,1.2,32.0,180,16839.18,0.0171
CHN,10000,1.2,37.0,135,16996.79,0.0171
CHN,10000,1.2,37.0,180,16812.88,0.0171
CHN,10000,1.2,42.0,135,16890.09,0.0171
CHN,10000,1.3,27.0,135,16840.79,0.0171
CHN,10000,1.3,32.0,135,16906.19,0.0171
CHN,10000,1.3,37.0,135,16860.33,0.0171
CHN,10000,1.0,27.0,180,16751.9,0.0172
CHN,10000,1.0,42.0,180,16692.48,0.0172
CHN,10000,1.0,47.0,135,16758.63,0.0172
CHN,10000,1.1,27.0,180,16760.14,0.0172
CHN,10000,1.1,42.0,180,16700.2,0.0172
CHN,10000,1.1,47.0,135,16757.14,0.0172
CHN,10000,1.2,27.0,180,16763.18,0.0172
CHN,10000,1.2,42.0,180,16687.52,0.0172
CHN,10000,1.2,47.0,135,16687.3,0.0172
CHN,10000,1.3,27.0,180,16729.86,0.0172
CHN,10000,1.3,32.0,180,16783.19,0.0172
CHN,10000,1.3,37.0,180,16729.11,0.0172
CHN,10000,1.3,42.0,135,16710.95,0.0172
CHN,10000,1.3,42.0,180,16579.8,0.0172
CHN,10000,1.4,27.0,135,16633.24,0.0172
CHN,10000,1.4,27.0,180,16572.67,0.0172
CHN,10000,1.4,32.0,135,16636.21,0.0172
CHN,10000,1.4,32.0,180,16591.32,0.0172
CHN,10000,1.0,47.0,180,16481.16,0.0173
CHN,10000,1.1,47.0,180,16488.88,0.0173
CHN,10000,1.2,47.0,180,16468.64,0.0173
CHN,10000,1.3,47.0,135,16480.22,0.0173
CHN,10000,1.3,47.0,180,16345.33,0.0173
CHN,10000,1.4,37.0,135,16543.97,0.0173
CHN,10000,1.4,37.0,180,16517.91,0.0173
CHN,10000,1.4,42.0,135,16373.05,0.0173
CHN,10000,1.4,42.0,180,16361.37,0.0173
CHN,10000,1.4,47.0,135,16140.12,0.0174
CHN,10000,1.4,47.0,180,16127.03,0.0174
CHN,10000,1.0,27.0,90,15028.22,0.018
CHN,10000,1.1,27.0,90,15038.26,0.018
CHN,10000,1.2,27.0,90,15042.37,0.018
CHN,10000,1.3,27.0,90,15028.23,0.018
CHN,10000,1.4,27.0,90,14925.91,0.018
CHN,10000,1.0,32.0,90,14879.33,0.0181
CHN,10000,1.1,32.0,90,14888.17,0.0181
CHN,10000,1.2,32.0,90,14890.95,0.0181
CHN,10000,1.3,32.0,90,14867.23,0.0181
CHN,10000,1.4,32.0,90,14734.89,0.0181
CHN,10000,1.0,27.0,225,14687.7,0.0182
CHN,10000,1.0,37.0,90,14674.93,0.0182
CHN,10000,1.1,27.0,225,14699.03,0.0182
CHN,10000,1.1,37.0,90,14682.47,0.0182
CHN,10000,1.2,27.0,225,14706.44,0.0182
CHN,10000,1.2,37.0,90,14683.79,0.0182
CHN,10000,1.3,27.0,225,14709.17,0.0182
CHN,10000,1.3,32.0,225,14547.48,0.0182
CHN,10000,1.3,37.0,90,14645.87,0.0182
CHN,10000,1.4,27.0,225,14677.9,0.0182
CHN,10000,1.0,32.0,225,14526.3,0.0183
CHN,10000,1.0,42.0,90,14425.05,0.0183
CHN,10000,1.1,32.0,225,14537.73,0.0183
CHN,10000,1.1,42.0,90,14431.9,0.0183
CHN,10000,1.2,32.0,225,14545.23,0.0183
CHN,10000,1.2,42.0,90,14430.97,0.0183
CHN,10000,1.3,42.0,90,14372.76,0.0183
CHN,10000,1.4,32.0,225,14513.44,0.0183
CHN,10000,1.4,37.0,90,14482.13,0.0183
CHN,10000,1.0,37.0,225,14313.44,0.0184
CHN,10000,1.1,37.0,225,14325.07,0.0184
CHN,10000,1.2,37.0,225,14332.76,0.0184
CHN,10000,1.3,37.0,225,14334.64,0.0184
CHN,10000,1.4,37.0,225,14298.19,0.0184
CHN,10000,1.0,47.0,90,14128.97,0.0185
CHN,10000,1.1,42.0,225,14042.72,0.0185
CHN,10000,1.1,47.0,90,14135.42,0.0185
CHN,10000,1.2,42.0,225,14050.71,0.0185
CHN,10000,1.2,47.0,90,14131.11,0.0185
CHN,10000,1.3,42.0,225,14052.45,0.0185
CHN,10000,1.3,47.0,90,14054.24,0.0185
CHN,10000,1.4,42.0,90,14186.05,0.0185
CHN,10000,1.0,42.0,225,14030.8,0.0186
CHN,10000,1.4,42.0,225,14015.43,0.0186
CHN,10000,1.2,47.0,225,13716.49,0.0187
CHN,10000,1.3,47.0,225,13718.48,0.0187
CHN,10000,1.4,47.0,90,13849.91,0.0187
CHN,10000,1.0,47.0,225,13695.8,0.0188
CHN,10000,1.1,47.0,225,13708.11,0.0188
CHN,10000,1.4,47.0,225,13682.69,0.0188
CHN,10000,1.0,27.0,270,12079.23,0.0199
CHN,10000,1.1,27.0,270,12094.13,0.0199
CHN,10000,1.2,27.0,270,12105.1,0.0199
CHN,10000,1.3,27.0,270,12113.04,0.0199
CHN,10000,1.4,27.0,270,12117.75,0.0199
CHN,10000,1.0,32.0,270,11650.94,0.0203
CHN,10000,1.1,32.0,270,11666.29,0.0203
CHN,10000,1.2,32.0,270,11677.73,0.0203
CHN,10000,1.3,32.0,270,11686.13,0.0203
CHN,10000,1.4,32.0,270,11691.92,0.0203
CHN,10000,1.0,37.0,270,11220.25,0.0207
CHN,10000,1.1,37.0,270,11236.07,0.0207
CHN,10000,1.2,37.0,270,11247.98,0.0207
CHN,10000,1.3,37.0,270,11256.85,0.0207
CHN,10000,1.4,37.0,270,11263.29,0.0207
CHN,10000,1.0,42.0,270,10791.83,0.0211
CHN,10000,1.1,42.0,270,10808.13,0.0211
CHN,10000,1.2,42.0,270,10820.5,0.0211
CHN,10000,1.3,42.0,270,10829.85,0.0211
CHN,10000,1.4,42.0,270,10836.81,0.0211
CHN,10000,1.2,47.0,270,10391.79,0.0215
CHN,10000,1.3,47.0,270,10401.61,0.0215
CHN,10000,1.4,47.0,270,10409.05,0.0215
CHN,10000,1.0,47.0,270,10362.15,0.0216
CHN,10000,1.1,47.0,270,10378.94,0.0216
CHN,5000,1.0,32.0,135,8499.95,0.0241
CHN,5000,1.0,37.0,135,8507.29,0.0241
CHN,5000,1.1,32.0,135,8503.35,0.0241
CHN,5000,1.1,37.0,135,8509.78,0.0241
CHN,5000,1.2,32.0,135,8498.08,0.0241
CHN,5000,1.2,37.0,135,8498.4,0.0241
CHN,5000,1.0,27.0,135,8445.83,0.0242
CHN,5000,1.0,42.0,135,8465.48,0.0242
CHN,5000,1.1,27.0,135,8449.55,0.0242
CHN,5000,1.1,42.0,135,8466.63,0.0242
CHN,5000,1.2,27.0,135,8448.95,0.0242
CHN,5000,1.2,42.0,135,8445.05,0.0242
CHN,5000,1.3,32.0,135,8453.09,0.0242
CHN,5000,1.3,37.0,135,8430.17,0.0242
CHN,5000,1.0,27.0,180,8375.95,0.0243
CHN,5000,1.0,32.0,180,8415.97,0.0243
CHN,5000,1.0,37.0,180,8405.4,0.0243
CHN,5000,1.0,47.0,135,8379.31,0.0243
CHN,5000,1.1,27.0,180,8380.07,0.0243
CHN,5000,1.1,32.0,180,8419.94,0.0243
CHN,5000,1.1,37.0,180,8409.31,0.0243
CHN,5000,1.1,47.0,135,8378.57,0.0243
CHN,5000,1.2,27.0,180,8381.59,0.0243
CHN,5000,1.2,32.0,180,8419.59,0.0243
CHN,5000,1.2,37.0,180,8406.44,0.0243
CHN,5000,1.3,27.0,135,8420.39,0.0243
CHN,5000,1.3,27.0,180,8364.93,0.0243
CHN,5000,1.3,32.0,180,8391.6,0.0243
CHN,5000,1.3,37.0,180,8364.55,0.0243
CHN,5000,1.0,42.0,180,8346.24,0.0244
CHN,5000,1.1,42.0,180,8350.1,0.0244
CHN,5000,1.2,42.0,180,8343.76,0.0244
CHN,5000,1.2,47.0,135,8343.65,0.0244
CHN,5000,1.3,42.0,135,8355.47,0.0244
CHN,5000,1.4,27.0,135,8316.62,0.0244
CHN,5000,1.4,32.0,135,8318.1,0.0244
CHN,5000,1.3,42.0,180,8289.9,0.0245
CHN,5000,1.4,27.0,180,8286.34,0.0245
CHN,5000,1.4,32.0,180,8295.66,0.0245
CHN,5000,1.4,37.0,135,8271.98,0.0245
CHN,5000,1.4,37.0,180,8258.95,0.0245
CHN,5000,1.0,47.0,180,8240.58,0.0246
CHN,5000,1.1,47.0,180,8244.44,0.0246
CHN,5000,1.2,47.0,180,8234.32,0.0246
CHN,5000,1.3,47.0,135,8240.11,0.0246
CHN,5000,1.3,47.0,180,8172.67,0.0247
CHN,5000,1.4,42.0,135,8186.52,0.0247
CHN,5000,1.4,42.0,180,8180.68,0.0247
CHN,5000,1.4,47.0,135,8070.06,0.0249
CHN,5000,1.4,47.0,180,8063.52,0.0249
CHN,5000,1.0,27.0,90,7514.11,0.026
CHN,5000,1.1,27.0,90,7519.13,0.026
CHN,5000,1.2,27.0,90,7521.18,0.026
CHN,5000,1.3,27.0,90,7514.12,0.026
CHN,5000,1.0,32.0,90,7439.66,0.0261
CHN,5000,1.1,32.0,90,7444.09,0.0261
CHN,5000,1.2,32.0,90,7445.47,0.0261
CHN,5000,1.3,32.0,90,7433.61,0.0261
CHN,5000,1.4,27.0,90,7462.96,0.0261
CHN,5000,1.0,27.0,225,7343.85,0.0263
CHN,5000,1.1,27.0,225,7349.52,0.0263
CHN,5000,1.1,37.0,90,7341.24,0.0263
CHN,5000,1.2,27.0,225,7353.22,0.0263
CHN,5000,1.2,37.0,90,7341.89,0.0263
CHN,5000,1.3,27.0,225,7354.58,0.0263
CHN,5000,1.4,32.0,90,7367.44,0.0263
CHN,5000,1.0,37.0,90,7337.46,0.0264
CHN,5000,1.3,37.0,90,7322.93,0.0264
CHN,5000,1.4,27.0,225,7338.95,0.0264
CHN,5000,1.0,32.0,225,7263.15,0.0265
CHN,5000,1.1,32.0,225,7268.87,0.0265
CHN,5000,1.2,32.0,225,7272.62,0.0265
CHN,5000,1.3,32.0,225,7273.74,0.0265
CHN,5000,1.4,32.0,225,7256.72,0.0265
CHN,5000,1.0,42.0,90,7212.52,0.0266
CHN,5000,1.1,42.0,90,7215.95,0.0266
CHN,5000,1.2,42.0,90,7215.48,0.0266
CHN,5000,1.4,37.0,90,7241.06,0.0266
CHN,5000,1.2,37.0,225,7166.38,0.0267
CHN,5000,1.3,37.0,225,7167.32,0.0267
CHN,5000,1.3,42.0,90,7186.38,0.0267
CHN,5000,1.0,37.0,225,7156.72,0.0268
CHN,5000,1.1,37.0,225,7162.53,0.0268
CHN,5000,1.4,37.0,225,7149.1,0.0268
CHN,5000,1.4,42.0,90,7093.03,0.0269
CHN,5000,1.0,47.0,90,7064.48,0.027
CHN,5000,1.1,47.0,90,7067.71,0.027
CHN,5000,1.2,47.0,90,7065.56,0.027
CHN,5000,1.0,42.0,225,7015.4,0.0271
CHN,5000,1.1,42.0,225,7021.36,0.0271
CHN,5000,1.2,42.0,225,7025.35,0.0271
CHN,5000,1.3,42.0,225,7026.22,0.0271
CHN,5000,1.3,47.0,90,7027.12,0.0271
CHN,5000,1.4,42.0,225,7007.72,0.0271
CHN,5000,1.4,47.0,90,6924.95,0.0273
CHN,5000,1.0,47.0,225,6847.9,0.0275
CHN,5000,1.1,47.0,225,6854.06,0.0275
CHN,5000,1.2,47.0,225,6858.25,0.0275
CHN,5000,1.3,47.0,225,6859.24,0.0275
CHN,5000,1.4,47.0,225,6841.34,0.0275
CHN,5000,1.1,27.0,270,6047.06,0.0298
CHN,5000,1.2,27.0,270,6052.55,0.0298
CHN,5000,1.3,27.0,270,6056.52,0.0298
CHN,5000,1.4,27.0,270,6058.88,0.0298
CHN,5000,1.0,27.0,270,6039.61,0.0299
CHN,5000,1.3,32.0,270,5843.07,0.0305
CHN,5000,1.4,32.0,270,5845.96,0.0305
CHN,5000,1.0,32.0,270,5825.47,0.0306
CHN,5000,1.1,32.0,270,5833.15,0.0306
CHN,5000,1.2,32.0,270,5838.86,0.0306
CHN,5000,1.2,37.0,270,5623.99,0.0313
CHN,5000,1.3,37.0,270,5628.42,0.0313
CHN,5000,1.4,37.0,270,5631.65,0.0313
CHN,5000,1.0,37.0,270,5610.12,0.0314
CHN,5000,1.1,37.0,270,5618.04,0.0314
CHN,5000,1.4,42.0,270,5418.4,0.0321
CHN,5000,1.0,42.0,270,5395.91,0.0322
CHN,5000,1.1,42.0,270,5404.07,0.0322
CHN,5000,1.2,42.0,270,5410.25,0.0322
CHN,5000,1.3,42.0,270,5414.92,0.0322
CHN,5000,1.1,47.0,270,5189.47,0.0331
CHN,5000,1.2,47.0,270,5195.89,0.0331
CHN,5000,1.3,47.0,270,5200.81,0.0331
CHN,5000,1.4,47.0,270,5204.53,0.0331
CHN,5000,1.0,47.0,270,5181.08,0.0332
CHN,1000,1.0,37.0,135,1701.46,0.0805
CHN,1000,1.1,37.0,135,1701.96,0.0805
CHN,1000,1.0,32.0,135,1699.99,0.0806
CHN,1000,1.1,32.0,135,1700.67,0.0806
CHN,1000,1.2,32.0,135,1699.62,0.0806
CHN,1000,1.2,37.0,135,1699.68,0.0806
CHN,1000,1.0,42.0,135,1693.1,0.0809
CHN,1000,1.1,42.0,135,1693.33,0.0809
CHN,1000,1.0,27.0,135,1689.17,0.081
CHN,1000,1.1,27.0,135,1689.91,0.081
CHN,1000,1.2,27.0,135,1689.79,0.081
CHN,1000,1.2,42.0,135,1689.01,0.081
CHN,1000,1.3,32.0,135,1690.62,0.081
CHN,1000,1.3,37.0,135,1686.03,0.0812
CHN,1000,1.0,32.0,180,1683.19,0.0813
CHN,1000,1.1,32.0,180,1683.99,0.0813
CHN,1000,1.1,37.0,180,1681.86,0.0813
CHN,1000,1.2,32.0,180,1683.92,0.0813
CHN,1000,1.3,27.0,135,1684.08,0.0813
CHN,1000,1.0,37.0,180,1681.08,0.0814
CHN,1000,1.2,37.0,180,1681.29,0.0814
CHN,1000,1.3,32.0,180,1678.32,0.0815
CHN,1000,1.0,27.0,180,1675.19,0.0816
CHN,1000,1.0,47.0,135,1675.86,0.0816
CHN,1000,1.1,27.0,180,1676.01,0.0816
CHN,1000,1.1,47.0,135,1675.71,0.0816
CHN,1000,1.2,27.0,180,1676.32,0.0816
CHN,1000,1.3,27.0,180,1672.99,0.0817
CHN,1000,1.3,37.0,180,1672.91,0.0817
CHN,1000,1.3,42.0,135,1671.09,0.0818
CHN,1000,1.0,42.0,180,1669.25,0.0819
CHN,1000,1.1,42.0,180,1670.02,0.0819
CHN,1000,1.2,42.0,180,1668.75,0.0819
CHN,1000,1.2,47.0,135,1668.73,0.0819
CHN,1000,1.4,27.0,135,1663.32,0.0821
CHN,1000,1.4,32.0,135,1663.62,0.0821
CHN,1000,1.4,32.0,180,1659.13,0.0823
CHN,1000,1.3,42.0,180,1657.98,0.0824
CHN,1000,1.4,27.0,180,1657.27,0.0824
CHN,1000,1.4,37.0,135,1654.4,0.0825
CHN,1000,1.4,37.0,180,1651.79,0.0826
CHN,1000,1.0,47.0,180,1648.12,0.0828
CHN,1000,1.1,47.0,180,1648.89,0.0828
CHN,1000,1.3,47.0,135,1648.02,0.0828
CHN,1000,1.2,47.0,180,1646.86,0.0829
CHN,1000,1.4,42.0,135,1637.3,0.0833
CHN,1000,1.4,42.0,180,1636.14,0.0833
CHN,1000,1.3,47.0,180,1634.53,0.0834
CHN,1000,1.4,47.0,135,1614.01,0.0843
CHN,1000,1.4,47.0,180,1612.7,0.0844
CHN,1000,1.0,27.0,90,1502.82,0.0898
CHN,1000,1.1,27.0,90,1503.83,0.0898
CHN,1000,1.2,27.0,90,1504.24,0.0898
CHN,1000,1.3,27.0,90,1502.82,0.0898
CHN,1000,1.4,27.0,90,1492.59,0.0904
CHN,1000,1.0,32.0,90,1487.93,0.0906
CHN,1000,1.1,32.0,90,1488.82,0.0906
CHN,1000,1.2,32.0,90,1489.09,0.0906
CHN,1000,1.3,32.0,90,1486.72,0.0907
CHN,1000,1.4,32.0,90,1473.49,0.0914
CHN,1000,1.1,27.0,225,1469.9,0.0916
CHN,1000,1.2,27.0,225,1470.64,0.0916
CHN,1000,1.3,27.0,225,1470.92,0.0916
CHN,1000,1.0,27.0,225,1468.77,0.0917
CHN,1000,1.1,37.0,90,1468.25,0.0917
CHN,1000,1.2,37.0,90,1468.38,0.0917
CHN,1000,1.0,37.0,90,1467.49,0.0918
CHN,1000,1.4,27.0,225,1467.79,0.0918
CHN,1000,1.3,37.0,90,1464.59,0.0919
CHN,1000,1.1,32.0,225,1453.77,0.0925
CHN,1000,1.2,32.0,225,1454.52,0.0925
CHN,1000,1.3,32.0,225,1454.75,0.0925
CHN,1000,1.0,32.0,225,1452.63,0.0926
CHN,1000,1.4,32.0,225,1451.34,0.0927
CHN,1000,1.4,37.0,90,1448.21,0.0929
CHN,1000,1.1,42.0,90,1443.19,0.0931
CHN,1000,1.0,42.0,90,1442.5,0.0932
CHN,1000,1.2,42.0,90,1443.1,0.0932
CHN,1000,1.3,42.0,90,1437.28,0.0935
CHN,1000,1.2,37.0,225,1433.28,0.0937
CHN,1000,1.3,37.0,225,1433.46,0.0937
CHN,1000,1.0,37.0,225,1431.34,0.0938
CHN,1000,1.1,37.0,225,1432.51,0.0938
CHN,1000,1.4,37.0,225,1429.82,0.0939
CHN,1000,1.4,42.0,90,1418.61,0.0946
CHN,1000,1.0,47.0,90,1412.9,0.0949
CHN,1000,1.1,47.0,90,1413.54,0.0949
CHN,1000,1.2,47.0,90,1413.11,0.0949
CHN,1000,1.2,42.0,225,1405.07,0.0954
CHN,1000,1.3,42.0,225,1405.24,0.0954
CHN,1000,1.3,47.0,90,1405.42,0.0954
CHN,1000,1.0,42.0,225,1403.08,0.0955
CHN,1000,1.1,42.0,225,1404.27,0.0955
CHN,1000,1.4,42.0,225,1401.54,0.0956
CHN,1000,1.4,47.0,90,1384.99,0.0966
CHN,1000,1.1,47.0,225,1370.81,0.0975
CHN,1000,1.2,47.0,225,1371.65,0.0975
CHN,1000,1.3,47.0,225,1371.85,0.0975
CHN,1000,1.0,47.0,225,1369.58,0.0976
CHN,1000,1.4,47.0,225,1368.27,0.0977
CHN,1000,1.4,27.0,270,1211.78,0.109
CHN,1000,1.2,27.0,270,1210.51,0.1091
CHN,1000,1.3,27.0,270,1211.3,0.1091
CHN,1000,1.1,27.0,270,1209.41,0.1092
CHN,1000,1.0,27.0,270,1207.92,0.1093
CHN,1000,1.4,32.0,270,1169.19,0.1126
CHN,1000,1.3,32.0,270,1168.61,0.1127
CHN,1000,1.2,32.0,270,1167.77,0.1128
CHN,1000,1.1,32.0,270,1166.63,0.1129
CHN,1000,1.0,32.0,270,1165.09,0.113
CHN,1000,1.4,37.0,270,1126.33,0.1165
CHN,1000,1.3,37.0,270,1125.68,0.1166
CHN,1000,1.2,37.0,270,1124.8,0.1167
CHN,1000,1.1,37.0,270,1123.61,0.1168
CHN,1000,1.0,37.0,270,1122.02,0.1169
CHN,1000,1.4,42.0,270,1083.68,0.1207
CHN,1000,1.3,42.0,270,1082.98,0.1208
CHN,1000,1.2,42.0,270,1082.05,0.1209
CHN,1000,1.1,42.0,270,1080.81,0.121
CHN,1000,1.0,42.0,270,1079.18,0.1212
CHN,1000,1.4,47.0,270,1040.91,0.1253
CHN,1000,1.3,47.0,270,1040.16,0.1254
CHN,1000,1.2,47.0,270,1039.18,0.1255
CHN,1000,1.1,47.0,270,1037.89,0.1256
CHN,1000,1.0,47.0,270,1036.22,0.1258
CHN,500,1.1,37.0,135,850.98,0.151
CHN,500,1.0,37.0,135,850.73,0.1511
CHN,500,1.1,32.0,135,850.34,0.1511
CHN,500,1.0,32.0,135,849.99,0.1512
CHN,500,1.2,32.0,135,849.81,0.1512
CHN,500,1.2,37.0,135,849.84,0.1512
CHN,500,1.1,42.0,135,846.66,0.1517
CHN,500,1.0,42.0,135,846.55,0.1518
CHN,500,1.1,27.0,135,844.95,0.152
CHN,500,1.2,27.0,135,844.89,0.152
CHN,500,1.3,32.0,135,845.31,0.152
CHN,500,1.0,27.0,135,844.58,0.1521
CHN,500,1.2,42.0,135,844.5,0.1521
CHN,500,1.3,37.0,135,843.02,0.1523
CHN,500,1.1,32.0,180,841.99,0.1525
CHN,500,1.2,32.0,180,841.96,0.1525
CHN,500,1.3,27.0,135,842.04,0.1525
CHN,500,1.0,32.0,180,841.6,0.1526
CHN,500,1.1,37.0,180,840.93,0.1527
CHN,500,1.2,37.0,180,840.64,0.1527
CHN,500,1.0,37.0,180,840.54,0.1528
CHN,500,1.3,32.0,180,839.16,0.153
CHN,500,1.0,47.0,135,837.93,0.1532
CHN,500,1.1,27.0,180,838.01,0.1532
CHN,500,1.1,47.0,135,837.86,0.1532
CHN,500,1.2,27.0,180,838.16,0.1532
CHN,500,1.0,27.0,180,837.6,0.1533
CHN,500,1.3,27.0,180,836.49,0.1535
CHN,500,1.3,37.0,180,836.46,0.1535
CHN,500,1.3,42.0,135,835.55,0.1536
CHN,500,1.1,42.0,180,835.01,0.1537
CHN,500,1.0,42.0,180,834.62,0.1538
CHN,500,1.2,42.0,180,834.38,0.1538
CHN,500,1.2,47.0,135,834.37,0.1538
CHN,500,1.4,27.0,135,831.66,0.1543
CHN,500,1.4,32.0,135,831.81,0.1543
CHN,500,1.4,32.0,180,829.57,0.1547
CHN,500,1.3,42.0,180,828.99,0.1548
CHN,500,1.4,27.0,180,828.63,0.1548
CHN,500,1.4,37.0,135,827.2,0.1551
CHN,500,1.4,37.0,180,825.9,0.1553
CHN,500,1.0,47.0,180,824.06,0.1556
CHN,500,1.1,47.0,180,824.44,0.1556
CHN,500,1.3,47.0,135,824.01,0.1556
CHN,500,1.2,47.0,180,823.43,0.1557
CHN,500,1.4,42.0,135,818.65,0.1566
CHN,500,1.4,42.0,180,818.07,0.1567
CHN,500,1.3,47.0,180,817.27,0.1568
CHN,500,1.4,47.0,135,807.01,0.1587
CHN,500,1.4,47.0,180,806.35,0.1588
CHN,500,1.2,27.0,90,752.12,0.1695
CHN,500,1.1,27.0,90,751.91,0.1696
CHN,500,1.0,27.0,90,751.41,0.1697
CHN,500,1.3,27.0,90,751.41,0.1697
CHN,500,1.4,27.0,90,746.3,0.1708
CHN,500,1.1,32.0,90,744.41,0.1712
CHN,500,1.2,32.0,90,744.55,0.1712
CHN,500,1.0,32.0,90,743.97,0.1713
CHN,500,1.3,32.0,90,743.36,0.1714
CHN,500,1.4,32.0,90,736.74,0.1729
CHN,500,1.2,27.0,225,735.32,0.1732
CHN,500,1.3,27.0,225,735.46,0.1732
CHN,500,1.1,27.0,225,734.95,0.1733
CHN,500,1.0,27.0,225,734.38,0.1734
CHN,500,1.2,37.0,90,734.19,0.1734
CHN,500,1.0,37.0,90,733.75,0.1735
CHN,500,1.1,37.0,90,734.12,0.1735
CHN,500,1.4,27.0,225,733.9,0.1735
CHN,500,1.3,37.0,90,732.29,0.1739
CHN,500,1.2,32.0,225,727.26,0.175
CHN,500,1.3,32.0,225,727.37,0.175
CHN,500,1.1,32.0,225,726.89,0.1751
CHN,500,1.0,32.0,225,726.32,0.1752
CHN,500,1.4,32.0,225,725.67,0.1754
CHN,500,1.4,37.0,90,724.11,0.1757
CHN,500,1.1,42.0,90,721.6,0.1763
CHN,500,1.2,42.0,90,721.55,0.1763
CHN,500,1.0,42.0,90,721.25,0.1764
CHN,500,1.3,42.0,90,718.64,0.177
CHN,500,1.2,37.0,225,716.64,0.1774
CHN,500,1.3,37.0,225,716.73,0.1774
CHN,500,1.1,37.0,225,716.25,0.1775
CHN,500,1.0,37.0,225,715.67,0.1777
CHN,500,1.4,37.0,225,714.91,0.1779
CHN,500,1.4,42.0,90,709.3,0.1792
CHN,500,1.1,47.0,90,706.77,0.1798
CHN,500,1.2,47.0,90,706.56,0.1798
CHN,500,1.0,47.0,90,706.45,0.1799
CHN,500,1.2,42.0,225,702.54,0.1808
CHN,500,1.3,42.0,225,702.62,0.1808
CHN,500,1.3,47.0,90,702.71,0.1808
CHN,500,1.1,42.0,225,702.14,0.1809
CHN,500,1.0,42.0,225,701.54,0.1811
CHN,500,1.4,42.0,225,700.77,0.1812
CHN,500,1.4,47.0,90,692.5,0.1833
CHN,500,1.3,47.0,225,685.92,0.1849
CHN,500,1.2,47.0,225,685.82,0.185
CHN,500,1.1,47.0,225,685.41,0.1851
CHN,500,1.0,47.0,225,684.79,0.1852
CHN,500,1.4,47.0,225,684.13,0.1854
CHN,500,1.3,27.0,270,605.65,0.2081
CHN,500,1.4,27.0,270,605.89,0.2081
CHN,500,1.2,27.0,270,605.25,0.2083
CHN,500,1.1,27.0,270,604.71,0.2084
CHN,500,1.0,27.0,270,603.96,0.2087
CHN,500,1.4,32.0,270,584.6,0.2153
CHN,500,1.3,32.0,270,584.31,0.2154
CHN,500,1.2,32.0,270,583.89,0.2155
CHN,500,1.1,32.0,270,583.31,0.2157
CHN,500,1.0,32.0,270,582.55,0.216
CHN,500,1.4,37.0,270,563.16,0.2231
CHN,500,1.3,37.0,270,562.84,0.2232
CHN,500,1.2,37.0,270,562.4,0.2234
CHN,500,1.1,37.0,270,561.8,0.2236
CHN,500,1.0,37.0,270,561.01,0.2239
CHN,500,1.4,42.0,270,541.84,0.2315
CHN,500,1.3,42.0,270,541.49,0.2316
CHN,500,1.2,42.0,270,541.03,0.2318
CHN,500,1.1,42.0,270,540.41,0.2321
CHN,500,1.0,42.0,270,539.59,0.2324
CHN,500,1.4,47.0,270,520.45,0.2406
CHN,500,1.3,47.0,270,520.08,0.2407
CHN,500,1.2,47.0,270,519.59,0.241
CHN,500,1.1,47.0,270,518.95,0.2412
CHN,500,1.0,47.0,270,518.11,0.2416
CHN,100,1.1,37.0,135,170.2,0.7151
CHN,100,1.0,37.0,135,170.15,0.7153
CHN,100,1.1,32.0,135,170.07,0.7156
CHN,100,1.0,32.0,135,170.0,0.7159
CHN,100,1.2,32.0,135,169.96,0.716
CHN,100,1.2,37.0,135,169.97,0.716
CHN,100,1.1,42.0,135,169.33,0.7187
CHN,100,1.0,42.0,135,169.31,0.7188
CHN,100,1.3,32.0,135,169.06,0.7198
CHN,100,1.1,27.0,135,168.99,0.7201
CHN,100,1.2,27.0,135,168.98,0.7201
CHN,100,1.0,27.0,135,168.92,0.7204
CHN,100,1.2,42.0,135,168.9,0.7205
CHN,100,1.3,37.0,135,168.6,0.7217
CHN,100,1.1,32.0,180,168.4,0.7226
CHN,100,1.2,32.0,180,168.39,0.7226
CHN,100,1.3,27.0,135,168.41,0.7226
CHN,100,1.0,32.0,180,168.32,0.7229
CHN,100,1.1,37.0,180,168.19,0.7235
CHN,100,1.2,37.0,180,168.13,0.7237
CHN,100,1.0,37.0,180,168.11,0.7238
CHN,100,1.3,32.0,180,167.83,0.725
CHN,100,1.2,27.0,180,167.63,0.7259
CHN,100,1.0,47.0,135,167.59,0.726
CHN,100,1.1,27.0,180,167.6,0.726
CHN,100,1.1,47.0,135,167.57,0.7261
CHN,100,1.0,27.0,180,167.52,0.7263
CHN,100,1.3,27.0,180,167.3,0.7273
CHN,100,1.3,37.0,180,167.29,0.7273
CHN,100,1.3,42.0,135,167.11,0.7281
CHN,100,1.1,42.0,180,167.0,0.7286
CHN,100,1.0,42.0,180,166.92,0.7289
CHN,100,1.2,42.0,180,166.88,0.7291
CHN,100,1.2,47.0,135,166.87,0.7291
CHN,100,1.4,32.0,135,166.36,0.7313
CHN,100,1.4,27.0,135,166.33,0.7314
CHN,100,1.4,32.0,180,165.91,0.7333
CHN,100,1.3,42.0,180,165.8,0.7338
CHN,100,1.4,27.0,180,165.73,0.7341
CHN,100,1.4,37.0,135,165.44,0.7353
CHN,100,1.4,37.0,180,165.18,0.7365
CHN,100,1.1,47.0,180,164.89,0.7378
CHN,100,1.0,47.0,180,164.81,0.7381
CHN,100,1.3,47.0,135,164.8,0.7381
CHN,100,1.2,47.0,180,164.69,0.7387
CHN,100,1.4,42.0,135,163.73,0.7429
CHN,100,1.4,42.0,180,163.61,0.7434
CHN,100,1.3,47.0,180,163.45,0.7442
CHN,100,1.4,47.0,135,161.4,0.7535
CHN,100,1.4,47.0,180,161.27,0.7541
CHN,100,1.2,27.0,90,150.42,0.8077
CHN,100,1.1,27.0,90,150.38,0.808
CHN,100,1.0,27.0,90,150.28,0.8085
CHN,100,1.3,27.0,90,150.28,0.8085
CHN,100,1.4,27.0,90,149.26,0.814
CHN,100,1.2,32.0,90,148.91,0.8159
CHN,100,1.1,32.0,90,148.88,0.816
CHN,100,1.0,32.0,90,148.79,0.8165
CHN,100,1.3,32.0,90,148.67,0.8171
CHN,100,1.4,32.0,90,147.35,0.8244
CHN,100,1.3,27.0,225,147.09,0.8258
CHN,100,1.2,27.0,225,147.06,0.826
CHN,100,1.1,27.0,225,146.99,0.8264
CHN,100,1.0,27.0,225,146.88,0.827
CHN,100,1.2,37.0,90,146.84,0.8272
CHN,100,1.1,37.0,90,146.82,0.8273
CHN,100,1.4,27.0,225,146.78,0.8276
CHN,100,1.0,37.0,90,146.75,0.8277
CHN,100,1.3,37.0,90,146.46,0.8293
CHN,100,1.3,32.0,225,145.47,0.8349
CHN,100,1.2,32.0,225,145.45,0.835
CHN,100,1.1,32.0,225,145.38,0.8354
CHN,100,1.0,32.0,225,145.26,0.8361
CHN,100,1.4,32.0,225,145.13,0.8368
CHN,100,1.4,37.0,90,144.82,0.8386
CHN,100,1.1,42.0,90,144.32,0.8415
CHN,100,1.2,42.0,90,144.31,0.8415
CHN,100,1.0,42.0,90,144.25,0.8419
CHN,100,1.3,42.0,90,143.73,0.8449
CHN,100,1.3,37.0,225,143.35,0.8471
CHN,100,1.2,37.0,225,143.33,0.8472
CHN,100,1.1,37.0,225,143.25,0.8477
CHN,100,1.0,37.0,225,143.13,0.8484
CHN,100,1.4,37.0,225,142.98,0.8493
CHN,100,1.4,42.0,90,141.86,0.8559
CHN,100,1.1,47.0,90,141.35,0.8589
CHN,100,1.2,47.0,90,141.31,0.8592
CHN,100,1.0,47.0,90,141.29,0.8593
CHN,100,1.3,47.0,90,140.54,0.8638
CHN,100,1.3,42.0,225,140.52,0.8639
CHN,100,1.2,42.0,225,140.51,0.864
CHN,100,1.1,42.0,225,140.43,0.8645
CHN,100,1.0,42.0,225,140.31,0.8653
CHN,100,1.4,42.0,225,140.15,0.8662
CHN,100,1.4,47.0,90,138.5,0.8764
CHN,100,1.3,47.0,225,137.18,0.8847
CHN,100,1.2,47.0,225,137.16,0.8849
CHN,100,1.1,47.0,225,137.08,0.8854
CHN,100,1.0,47.0,225,136.96,0.8862
CHN,100,1.4,47.0,225,136.83,0.887
CHN,100,1.4,27.0,270,121.18,1.0003
CHN,100,1.3,27.0,270,121.13,1.0007
CHN,100,1.2,27.0,270,121.05,1.0013
CHN,100,1.1,27.0,270,120.94,1.0022
CHN,100,1.0,27.0,270,120.79,1.0034
CHN,100,1.4,32.0,270,116.92,1.0363
CHN,100,1.3,32.0,270,116.86,1.0369
CHN,100,1.2,32.0,270,116.78,1.0376
CHN,100,1.1,32.0,270,116.66,1.0386
CHN,100,1.0,32.0,270,116.51,1.04
CHN,100,1.4,37.0,270,112.63,1.0754
CHN,100,1.3,37.0,270,112.57,1.076
CHN,100,1.2,37.0,270,112.48,1.0769
CHN,100,1.1,37.0,270,112.36,1.078
CHN,100,1.0,37.0,270,112.2,1.0795
CHN,100,1.4,42.0,270,108.37,1.1173
CHN,100,1.3,42.0,270,108.3,1.118
CHN,100,1.2,42.0,270,108.21,1.119
CHN,100,1.1,42.0,270,108.08,1.1203
CHN,100,1.0,42.0,270,107.92,1.122
CHN,100,1.4,47.0,270,104.09,1.1628
CHN,100,1.3,47.0,270,104.02,1.1637
CHN,100,1.2,47.0,270,103.92,1.1648
CHN,100,1.1,47.0,270,103.79,1.1662
CHN,100,1.0,47.0,270,103.62,1.1681
ESP,10000,1.0,27.5,180,16619.14,0.0172
ESP,10000,1.0,32.5,180,16619.3,0.0172
ESP,10000,1.1,27.5,180,16627.87,0.0172
ESP,10000,1.1,32.5,180,16627.91,0.0172
ESP,10000,1.2,27.5,180,16632.71,0.0172
ESP,10000,1.2,32.5,180,16632.62,0.0172
ESP,10000,1.3,27.5,180,16631.1,0.0172
ESP,10000,1.3,32.5,180,16628.69,0.0172
ESP,10000,1.4,27.5,180,16579.49,0.0172
ESP,10000,1.4,32.5,180,16560.9,0.0172
ESP,10000,1.0,37.5,180,16521.93,0.0173
ESP,10000,1.0,42.5,180,16331.43,0.0173
ESP,10000,1.1,37.5,180,16530.58,0.0173
ESP,10000,1.1,42.5,180,16340.26,0.0173
ESP,10000,1.2,37.5,180,16535.32,0.0173
ESP,10000,1.2,42.5,180,16345.13,0.0173
ESP,10000,1.3,37.5,180,16526.63,0.0173
ESP,10000,1.3,42.5,180,16331.33,0.0173
ESP,10000,1.4,37.5,180,16442.54,0.0173
ESP,10000,1.4,42.5,180,16234.81,0.0174
ESP,10000,1.0,27.5,135,15963.85,0.0175
ESP,10000,1.0,32.5,135,15896.67,0.0175
ESP,10000,1.0,47.5,180,16046.68,0.0175
ESP,10000,1.1,27.5,135,15973.32,0.0175
ESP,10000,1.1,32.5,135,15906.05,0.0175
ESP,10000,1.1,47.5,180,16055.87,0.0175
ESP,10000,1.2,27.5,135,15978.9,0.0175
ESP,10000,1.2,32.5,135,15911.54,0.0175
ESP,10000,1.2,47.5,180,16060.98,0.0175
ESP,10000,1.3,27.5,135,15979.71,0.0175
ESP,10000,1.3,32.5,135,15911.31,0.0175
ESP,10000,1.3,47.5,180,16043.83,0.0175
ESP,10000,1.4,27.5,135,15940.16,0.0175
ESP,10000,1.4,47.5,180,15941.49,0.0175
ESP,10000,1.0,37.5,135,15756.39,0.0176
ESP,10000,1.1,37.5,135,15765.81,0.0176
ESP,10000,1.2,37.5,135,15771.34,0.0176
ESP,10000,1.3,37.5,135,15770.11,0.0176
ESP,10000,1.4,32.5,135,15862.31,0.0176
ESP,10000,1.4,37.5,135,15711.32,0.0176
ESP,10000,1.0,27.5,225,15512.93,0.0177
ESP,10000,1.0,42.5,135,15552.58,0.0177
ESP,10000,1.1,27.5,225,15522.98,0.0177
ESP,10000,1.1,42.5,135,15562.17,0.0177
ESP,10000,1.2,27.5,225,15529.13,0.0177
ESP,10000,1.2,42.5,135,15567.87,0.0177
ESP,10000,1.3,27.5,225,15531.24,0.0177
ESP,10000,1.3,42.5,135,15565.63,0.0177
ESP,10000,1.4,27.5,225,15505.98,0.0177
ESP,10000,1.4,42.5,135,15498.25,0.0177
ESP,10000,1.0,32.5,225,15404.03,0.0178
ESP,10000,1.1,32.5,225,15414.07,0.0178
ESP,10000,1.2,32.5,225,15420.21,0.0178
ESP,10000,1.3,32.5,225,15421.94,0.0178
ESP,10000,1.4,32.5,225,15393.37,0.0178
ESP,10000,1.0,37.5,225,15218.13,0.0179
ESP,10000,1.0,47.5,135,15265.89,0.0179
ESP,10000,1.1,37.5,225,15228.29,0.0179
ESP,10000,1.1,47.5,135,15275.77,0.0179
ESP,10000,1.2,37.5,225,15234.54,0.0179
ESP,10000,1.2,47.5,135,15281.78,0.0179
ESP,10000,1.3,37.5,225,15236.38,0.0179
ESP,10000,1.3,47.5,135,15278.37,0.0179
ESP,10000,1.4,37.5,225,15203.85,0.0179
ESP,10000,1.4,47.5,135,15207.52,0.0179
ESP,10000,1.0,42.5,225,14975.19,0.018
ESP,10000,1.1,42.5,225,14985.57,0.018
ESP,10000,1.2,42.5,225,14992.05,0.018
ESP,10000,1.3,42.5,225,14994.46,0.018
ESP,10000,1.4,42.5,225,14958.35,0.018
ESP,10000,1.0,47.5,225,14671.22,0.0182
ESP,10000,1.1,47.5,225,14681.94,0.0182
ESP,10000,1.2,47.5,225,14688.77,0.0182
ESP,10000,1.3,47.5,225,14691.61,0.0182
ESP,10000,1.4,47.5,225,14653.46,0.0182
ESP,10000,1.0,27.5,90,14001.92,0.0186
ESP,10000,1.1,27.5,90,14014.03,0.0186
ESP,10000,1.2,27.5,90,14022.26,0.0186
ESP,10000,1.3,27.5,90,14027.45,0.0186
ESP,10000,1.4,27.5,90,14020.99,0.0186
ESP,10000,1.1,32.5,90,13724.56,0.0187
ESP,10000,1.2,32.5,90,13732.98,0.0187
ESP,10000,1.3,32.5,90,13738.33,0.0187
ESP,10000,1.4,32.5,90,13730.08,0.0187
ESP,10000,1.0,32.5,90,13712.25,0.0188
ESP,10000,1.1,27.5,270,13411.38,0.0189
ESP,10000,1.1,37.5,90,13410.56,0.0189
ESP,10000,1.2,27.5,270,13420.35,0.0189
ESP,10000,1.2,37.5,90,13419.22,0.0189
ESP,10000,1.3,27.5,270,13426.32,0.0189
ESP,10000,1.3,37.5,90,13424.83,0.0189
ESP,10000,1.4,27.5,270,13425.99,0.0189
ESP,10000,1.4,37.5,90,13415.11,0.0189
ESP,10000,1.0,27.5,270,13398.51,0.019
ESP,10000,1.0,37.5,90,13398.0,0.019
ESP,10000,1.0,32.5,270,13058.13,0.0192
ESP,10000,1.0,42.5,90,13057.56,0.0192
ESP,10000,1.1,32.5,270,13071.28,0.0192
ESP,10000,1.1,42.5,90,13070.41,0.0192
ESP,10000,1.2,32.5,270,13080.54,0.0192
ESP,10000,1.2,42.5,90,13079.37,0.0192
ESP,10000,1.3,32.5,270,13086.79,0.0192
ESP,10000,1.3,42.5,90,13085.28,0.0192
ESP,10000,1.4,32.5,270,13086.54,0.0192
ESP,10000,1.4,42.5,90,13074.74,0.0192
ESP,10000,1.0,37.5,270,12706.06,0.0194
ESP,10000,1.1,37.5,270,12719.53,0.0194
ESP,10000,1.1,47.5,90,12708.68,0.0194
ESP,10000,1.2,37.5,270,12729.1,0.0194
ESP,10000,1.2,47.5,90,12718.0,0.0194
ESP,10000,1.3,37.5,270,12735.68,0.0194
ESP,10000,1.3,47.5,90,12724.24,0.0194
ESP,10000,1.4,37.5,270,12735.84,0.0194
ESP,10000,1.4,47.5,90,12715.0,0.0194
ESP,10000,1.0,47.5,90,12695.48,0.0195
ESP,10000,1.0,42.5,270,12334.82,0.0197
ESP,10000,1.1,42.5,270,12348.64,0.0197
ESP,10000,1.2,42.5,270,12358.58,0.0197
ESP,10000,1.3,42.5,270,12365.51,0.0197
ESP,10000,1.4,42.5,270,12366.44,0.0197
ESP,10000,1.0,47.5,270,11950.06,0.02
ESP,10000,1.1,47.5,270,11964.28,0.02
ESP,10000,1.2,47.5,270,11974.62,0.02
ESP,10000,1.3,47.5,270,11981.96,0.02
ESP,10000,1.4,47.5,270,11983.74,0.02
ESP,5000,1.0,27.5,180,8309.57,0.0244
ESP,5000,1.0,32.5,180,8309.65,0.0244
ESP,5000,1.1,27.5,180,8313.93,0.0244
ESP,5000,1.1,32.5,180,8313.95,0.0244
ESP,5000,1.2,27.5,180,8316.35,0.0244
ESP,5000,1.2,32.5,180,8316.31,0.0244
ESP,5000,1.3,27.5,180,8315.55,0.0244
ESP,5000,1.3,32.5,180,8314.35,0.0244
ESP,5000,1.0,37.5,180,8260.97,0.0245
ESP,5000,1.1,37.5,180,8265.29,0.0245
ESP,5000,1.2,37.5,180,8267.66,0.0245
ESP,5000,1.3,37.5,180,8263.31,0.0245
ESP,5000,1.4,27.5,180,8289.74,0.0245
ESP,5000,1.4,32.5,180,8280.45,0.0245
ESP,5000,1.4,37.5,180,8221.27,0.0246
ESP,5000,1.0,42.5,180,8165.71,0.0247
ESP,5000,1.1,42.5,180,8170.13,0.0247
ESP,5000,1.2,42.5,180,8172.57,0.0247
ESP,5000,1.3,42.5,180,8165.67,0.0247
ESP,5000,1.4,42.5,180,8117.41,0.0248
ESP,5000,1.1,47.5,180,8027.93,0.0249
ESP,5000,1.2,47.5,180,8030.49,0.0249
ESP,5000,1.0,27.5,135,7981.93,0.025
ESP,5000,1.0,47.5,180,8023.34,0.025
ESP,5000,1.1,27.5,135,7986.66,0.025
ESP,5000,1.2,27.5,135,7989.45,0.025
ESP,5000,1.3,27.5,135,7989.85,0.025
ESP,5000,1.3,47.5,180,8021.92,0.025
ESP,5000,1.0,32.5,135,7948.34,0.0251
ESP,5000,1.1,32.5,135,7953.03,0.0251
ESP,5000,1.2,32.5,135,7955.77,0.0251
ESP,5000,1.3,32.5,135,7955.65,0.0251
ESP,5000,1.4,27.5,135,7970.08,0.0251
ESP,5000,1.4,32.5,135,7931.16,0.0251
ESP,5000,1.4,47.5,180,7970.74,0.0251
ESP,5000,1.0,37.5,135,7878.19,0.0252
ESP,5000,1.1,37.5,135,7882.91,0.0252
ESP,5000,1.2,37.5,135,7885.67,0.0252
ESP,5000,1.3,37.5,135,7885.06,0.0252
ESP,5000,1.4,37.5,135,7855.66,0.0253
ESP,5000,1.0,42.5,135,7776.29,0.0254
ESP,5000,1.1,42.5,135,7781.09,0.0254
ESP,5000,1.2,42.5,135,7783.94,0.0254
ESP,5000,1.3,42.5,135,7782.82,0.0254
ESP,5000,1.0,27.5,225,7756.46,0.0255
ESP,5000,1.1,27.5,225,7761.49,0.0255
ESP,5000,1.2,27.5,225,7764.57,0.0255
ESP,5000,1.3,27.5,225,7765.62,0.0255
ESP,5000,1.4,27.5,225,7752.99,0.0255
ESP,5000,1.4,42.5,135,7749.13,0.0255
ESP,5000,1.0,32.5,225,7702.01,0.0256
ESP,5000,1.1,32.5,225,7707.03,0.0256
ESP,5000,1.2,32.5,225,7710.11,0.0256
ESP,5000,1.3,32.5,225,7710.97,0.0256
ESP,5000,1.4,32.5,225,7696.68,0.0256
ESP,5000,1.0,47.5,135,7632.94,0.0257
ESP,5000,1.1,47.5,135,7637.89,0.0257
ESP,5000,1.2,47.5,135,7640.89,0.0257
ESP,5000,1.3,47.5,135,7639.19,0.0257
ESP,5000,1.0,37.5,225,7609.07,0.0258
ESP,5000,1.1,37.5,225,7614.14,0.0258
ESP,5000,1.2,37.5,225,7617.27,0.0258
ESP,5000,1.3,37.5,225,7618.19,0.0258
ESP,5000,1.4,37.5,225,7601.93,0.0258
ESP,5000,1.4,47.5,135,7603.76,0.0258
ESP,5000,1.0,42.5,225,7487.6,0.026
ESP,5000,1.1,42.5,225,7492.78,0.026
ESP,5000,1.2,42.5,225,7496.02,0.026
ESP,5000,1.3,42.5,225,7497.23,0.026
ESP,5000,1.4,42.5,225,7479.17,0.026
ESP,5000,1.1,47.5,225,7340.97,0.0263
ESP,5000,1.2,47.5,225,7344.38,0.0263
ESP,5000,1.3,47.5,225,7345.8,0.0263
ESP,5000,1.0,47.5,225,7335.61,0.0264
ESP,5000,1.4,47.5,225,7326.73,0.0264
ESP,5000,1.0,27.5,90,7000.96,0.0271
ESP,5000,1.1,27.5,90,7007.02,0.0271
ESP,5000,1.2,27.5,90,7011.13,0.0271
ESP,5000,1.3,27.5,90,7013.73,0.0271
ESP,5000,1.4,27.5,90,7010.5,0.0271
ESP,5000,1.0,32.5,90,6856.13,0.0275
ESP,5000,1.1,32.5,90,6862.28,0.0275
ESP,5000,1.2,32.5,90,6866.49,0.0275
ESP,5000,1.3,32.5,90,6869.17,0.0275
ESP,5000,1.4,32.5,90,6865.04,0.0275
ESP,5000,1.0,27.5,270,6699.26,0.0279
ESP,5000,1.0,37.5,90,6699.0,0.0279
ESP,5000,1.1,27.5,270,6705.69,0.0279
ESP,5000,1.1,37.5,90,6705.28,0.0279
ESP,5000,1.2,27.5,270,6710.18,0.0279
ESP,5000,1.2,37.5,90,6709.61,0.0279
ESP,5000,1.3,27.5,270,6713.16,0.0279
ESP,5000,1.3,37.5,90,6712.42,0.0279
ESP,5000,1.4,27.5,270,6712.99,0.0279
ESP,5000,1.4,37.5,90,6707.56,0.0279
ESP,5000,1.2,32.5,270,6540.27,0.0283
ESP,5000,1.2,42.5,90,6539.68,0.0283
ESP,5000,1.3,32.5,270,6543.39,0.0283
ESP,5000,1.3,42.5,90,6542.64,0.0283
ESP,5000,1.4,32.5,270,6543.27,0.0283
ESP,5000,1.0,32.5,270,6529.07,0.0284
ESP,5000,1.0,42.5,90,6528.78,0.0284
ESP,5000,1.1,32.5,270,6535.64,0.0284
ESP,5000,1.1,42.5,90,6535.21,0.0284
ESP,5000,1.4,42.5,90,6537.37,0.0284
ESP,5000,1.3,37.5,270,6367.84,0.0288
ESP,5000,1.4,37.5,270,6367.92,0.0288
ESP,5000,1.0,37.5,270,6353.03,0.0289
ESP,5000,1.0,47.5,90,6347.74,0.0289
ESP,5000,1.1,37.5,270,6359.77,0.0289
ESP,5000,1.1,47.5,90,6354.34,0.0289
ESP,5000,1.2,37.5,270,6364.55,0.0289
ESP,5000,1.2,47.5,90,6359.0,0.0289
ESP,5000,1.3,47.5,90,6362.12,0.0289
ESP,5000,1.4,47.5,90,6357.5,0.0289
ESP,5000,1.1,42.5,270,6174.32,0.0294
ESP,5000,1.2,42.5,270,6179.29,0.0294
ESP,5000,1.3,42.5,270,6182.76,0.0294
ESP,5000,1.4,42.5,270,6183.22,0.0294
ESP,5000,1.0,42.5,270,6167.41,0.0295
ESP,5000,1.2,47.5,270,5987.31,0.03
ESP,5000,1.3,47.5,270,5990.98,0.03
ESP,5000,1.4,47.5,270,5991.87,0.03
ESP,5000,1.0,47.5,270,5975.03,0.0301
ESP,5000,1.1,47.5,270,5982.14,0.0301
ESP,1000,1.2,27.5,180,1663.27,0.0821
ESP,1000,1.2,32.5,180,1663.26,0.0821
ESP,1000,1.0,27.5,180,1661.91,0.0822
ESP,1000,1.0,32.5,180,1661.93,0.0822
ESP,1000,1.1,27.5,180,1662.79,0.0822
ESP,1000,1.1,32.5,180,1662.79,0.0822
ESP,1000,1.3,27.5,180,1663.11,0.0822
ESP,1000,1.3,32.5,180,1662.87,0.0822
ESP,1000,1.4,27.5,180,1657.95,0.0824
ESP,1000,1.4,32.5,180,1656.09,0.0825
ESP,1000,1.0,37.5,180,1652.19,0.0826
ESP,1000,1.1,37.5,180,1653.06,0.0826
ESP,1000,1.2,37.5,180,1653.53,0.0826
ESP,1000,1.3,37.5,180,1652.66,0.0826
ESP,1000,1.4,37.5,180,1644.25,0.083
ESP,1000,1.1,42.5,180,1634.03,0.0834
ESP,1000,1.2,42.5,180,1634.51,0.0834
ESP,1000,1.0,42.5,180,1633.14,0.0835
ESP,1000,1.3,42.5,180,1633.13,0.0835
ESP,1000,1.4,42.5,180,1623.48,0.0839
ESP,1000,1.1,47.5,180,1605.59,0.0847
ESP,1000,1.2,47.5,180,1606.1,0.0847
ESP,1000,1.0,47.5,180,1604.67,0.0848
ESP,1000,1.3,47.5,180,1604.38,0.0848
ESP,1000,1.1,27.5,135,1597.33,0.0851
ESP,1000,1.2,27.5,135,1597.89,0.0851
ESP,1000,1.3,27.5,135,1597.97,0.0851
ESP,1000,1.0,27.5,135,1596.39,0.0852
ESP,1000,1.4,27.5,135,1594.02,0.0853
ESP,1000,1.4,47.5,180,1594.15,0.0853
ESP,1000,1.1,32.5,135,1590.61,0.0854
ESP,1000,1.2,32.5,135,1591.15,0.0854
ESP,1000,1.3,32.5,135,1591.13,0.0854
ESP,1000,1.0,32.5,135,1589.67,0.0855
ESP,1000,1.4,32.5,135,1586.23,0.0857
ESP,1000,1.1,37.5,135,1576.58,0.0861
ESP,1000,1.2,37.5,135,1577.13,0.0861
ESP,1000,1.3,37.5,135,1577.01,0.0861
ESP,1000,1.0,37.5,135,1575.64,0.0862
ESP,1000,1.4,37.5,135,1571.13,0.0864
ESP,1000,1.1,42.5,135,1556.22,0.0871
ESP,1000,1.2,42.5,135,1556.79,0.0871
ESP,1000,1.3,42.5,135,1556.56,0.0871
ESP,1000,1.0,42.5,135,1555.26,0.0872
ESP,1000,1.1,27.5,225,1552.3,0.0873
ESP,1000,1.2,27.5,225,1552.91,0.0873
ESP,1000,1.3,27.5,225,1553.12,0.0873
ESP,1000,1.0,27.5,225,1551.29,0.0874
ESP,1000,1.4,27.5,225,1550.6,0.0874
ESP,1000,1.4,42.5,135,1549.83,0.0874
ESP,1000,1.2,32.5,225,1542.02,0.0878
ESP,1000,1.3,32.5,225,1542.19,0.0878
ESP,1000,1.0,32.5,225,1540.4,0.0879
ESP,1000,1.1,32.5,225,1541.41,0.0879
ESP,1000,1.4,32.5,225,1539.34,0.088
ESP,1000,1.2,47.5,135,1528.18,0.0885
ESP,1000,1.3,47.5,135,1527.84,0.0885
ESP,1000,1.0,47.5,135,1526.59,0.0886
ESP,1000,1.1,47.5,135,1527.58,0.0886
ESP,1000,1.1,37.5,225,1522.83,0.0888
ESP,1000,1.2,37.5,225,1523.45,0.0888
ESP,1000,1.3,37.5,225,1523.64,0.0888
ESP,1000,1.0,37.5,225,1521.81,0.0889
ESP,1000,1.4,37.5,225,1520.39,0.0889
ESP,1000,1.4,47.5,135,1520.75,0.0889
ESP,1000,1.2,42.5,225,1499.2,0.09
ESP,1000,1.3,42.5,225,1499.45,0.09
ESP,1000,1.0,42.5,225,1497.52,0.0901
ESP,1000,1.1,42.5,225,1498.56,0.0901
ESP,1000,1.4,42.5,225,1495.83,0.0902
ESP,1000,1.1,47.5,225,1468.19,0.0917
ESP,1000,1.2,47.5,225,1468.88,0.0917
ESP,1000,1.3,47.5,225,1469.16,0.0917
ESP,1000,1.0,47.5,225,1467.12,0.0918
ESP,1000,1.4,47.5,225,1465.35,0.0919
ESP,1000,1.3,27.5,90,1402.75,0.0955
ESP,1000,1.1,27.5,90,1401.4,0.0956
ESP,1000,1.2,27.5,90,1402.23,0.0956
ESP,1000,1.4,27.5,90,1402.1,0.0956
ESP,1000,1.0,27.5,90,1400.19,0.0957
ESP,1000,1.3,32.5,90,1373.83,0.0973
ESP,1000,1.1,32.5,90,1372.46,0.0974
ESP,1000,1.2,32.5,90,1373.3,0.0974
ESP,1000,1.4,32.5,90,1373.01,0.0974
ESP,1000,1.0,32.5,90,1371.23,0.0975
ESP,1000,1.2,27.5,270,1342.04,0.0994
ESP,1000,1.2,37.5,90,1341.92,0.0994
ESP,1000,1.3,27.5,270,1342.63,0.0994
ESP,1000,1.3,37.5,90,1342.48,0.0994
ESP,1000,1.4,27.5,270,1342.6,0.0994
ESP,1000,1.1,27.5,270,1341.14,0.0995
ESP,1000,1.1,37.5,90,1341.06,0.0995
ESP,1000,1.4,37.5,90,1341.51,0.0995
ESP,1000,1.0,27.5,270,1339.85,0.0996
ESP,1000,1.0,37.5,90,1339.8,0.0996
ESP,1000,1.2,32.5,270,1308.05,0.1017
ESP,1000,1.2,42.5,90,1307.94,0.1017
ESP,1000,1.3,32.5,270,1308.68,0.1017
ESP,1000,1.3,42.5,90,1308.53,0.1017
ESP,1000,1.4,32.5,270,1308.65,0.1017
ESP,1000,1.1,32.5,270,1307.13,0.1018
ESP,1000,1.1,42.5,90,1307.04,0.1018
ESP,1000,1.4,42.5,90,1307.47,0.1018
ESP,1000,1.0,32.5,270,1305.81,0.1019
ESP,1000,1.0,42.5,90,1305.76,0.1019
ESP,1000,1.3,37.5,270,1273.57,0.1042
ESP,1000,1.4,37.5,270,1273.58,0.1042
ESP,1000,1.1,37.5,270,1271.95,0.1043
ESP,1000,1.2,37.5,270,1272.91,0.1043
ESP,1000,1.3,47.5,90,1272.42,0.1043
ESP,1000,1.0,37.5,270,1270.61,0.1044
ESP,1000,1.1,47.5,90,1270.87,0.1044
ESP,1000,1.2,47.5,90,1271.8,0.1044
ESP,1000,1.4,47.5,90,1271.5,0.1044
ESP,1000,1.0,47.5,90,1269.55,0.1045
ESP,1000,1.3,42.5,270,1236.55,0.107
ESP,1000,1.4,42.5,270,1236.64,0.107
ESP,1000,1.2,42.5,270,1235.86,0.1071
ESP,1000,1.1,42.5,270,1234.86,0.1072
ESP,1000,1.0,42.5,270,1233.48,0.1073
ESP,1000,1.4,47.5,270,1198.37,0.1101
ESP,1000,1.2,47.5,270,1197.46,0.1102
ESP,1000,1.3,47.5,270,1198.2,0.1102
ESP,1000,1.1,47.5,270,1196.43,0.1103
ESP,1000,1.0,47.5,270,1195.01,0.1104
ESP,500,1.1,27.5,180,831.39,0.1543
ESP,500,1.1,32.5,180,831.4,0.1543
ESP,500,1.2,27.5,180,831.64,0.1543
ESP,500,1.2,32.5,180,831.63,0.1543
ESP,500,1.3,27.5,180,831.55,0.1543
ESP,500,1.3,32.5,180,831.43,0.1543
ESP,500,1.0,27.5,180,830.96,0.1544
ESP,500,1.0,32.5,180,830.96,0.1544
ESP,500,1.4,27.5,180,828.97,0.1548
ESP,500,1.4,32.5,180,828.04,0.1549
ESP,500,1.2,37.5,180,826.77,0.1551
ESP,500,1.1,37.5,180,826.53,0.1552
ESP,500,1.3,37.5,180,826.33,0.1552
ESP,500,1.0,37.5,180,826.1,0.1553
ESP,500,1.4,37.5,180,822.13,0.156
ESP,500,1.2,42.5,180,817.26,0.1568
ESP,500,1.1,42.5,180,817.01,0.1569
ESP,500,1.0,42.5,180,816.57,0.157
ESP,500,1.3,42.5,180,816.57,0.157
ESP,500,1.4,42.5,180,811.74,0.1578
ESP,500,1.2,47.5,180,803.05,0.1594
ESP,500,1.1,47.5,180,802.79,0.1595
ESP,500,1.0,47.5,180,802.33,0.1596
ESP,500,1.3,47.5,180,802.19,0.1596
ESP,500,1.2,27.5,135,798.94,0.1602
ESP,500,1.3,27.5,135,798.99,0.1602
ESP,500,1.0,27.5,135,798.19,0.1603
ESP,500,1.1,27.5,135,798.67,0.1603
ESP,500,1.4,27.5,135,797.01,0.1606
ESP,500,1.4,47.5,180,797.07,0.1606
ESP,500,1.2,32.5,135,795.58,0.1608
ESP,500,1.3,32.5,135,795.57,0.1608
ESP,500,1.1,32.5,135,795.3,0.1609
ESP,500,1.0,32.5,135,794.83,0.161
ESP,500,1.4,32.5,135,793.12,0.1613
ESP,500,1.1,37.5,135,788.29,0.1622
ESP,500,1.2,37.5,135,788.57,0.1622
ESP,500,1.3,37.5,135,788.51,0.1622
ESP,500,1.0,37.5,135,787.82,0.1623
ESP,500,1.4,37.5,135,785.57,0.1628
ESP,500,1.1,42.5,135,778.11,0.1642
ESP,500,1.2,42.5,135,778.39,0.1642
ESP,500,1.3,42.5,135,778.28,0.1642
ESP,500,1.0,42.5,135,777.63,0.1643
ESP,500,1.2,27.5,225,776.46,0.1645
ESP,500,1.3,27.5,225,776.56,0.1645
ESP,500,1.1,27.5,225,776.15,0.1646
ESP,500,1.0,27.5,225,775.65,0.1647
ESP,500,1.4,27.5,225,775.3,0.1648
ESP,500,1.4,42.5,135,774.91,0.1649
ESP,500,1.2,32.5,225,771.01,0.1656
ESP,500,1.3,32.5,225,771.1,0.1656
ESP,500,1.1,32.5,225,770.7,0.1657
ESP,500,1.0,32.5,225,770.2,0.1658
ESP,500,1.4,32.5,225,769.67,0.1659
ESP,500,1.2,47.5,135,764.09,0.167
ESP,500,1.1,47.5,135,763.79,0.1671
ESP,500,1.3,47.5,135,763.92,0.1671
ESP,500,1.0,47.5,135,763.29,0.1672
ESP,500,1.2,37.5,225,761.73,0.1675
ESP,500,1.3,37.5,225,761.82,0.1675
ESP,500,1.1,37.5,225,761.41,0.1676
ESP,500,1.0,37.5,225,760.91,0.1677
ESP,500,1.4,47.5,135,760.38,0.1678
ESP,500,1.4,37.5,225,760.19,0.1679
ESP,500,1.2,42.5,225,749.6,0.1701
ESP,500,1.3,42.5,225,749.72,0.1701
ESP,500,1.1,42.5,225,749.28,0.1702
ESP,500,1.0,42.5,225,748.76,0.1703
ESP,500,1.4,42.5,225,747.92,0.1704
ESP,500,1.2,47.5,225,734.44,0.1734
ESP,500,1.3,47.5,225,734.58,0.1734
ESP,500,1.1,47.5,225,734.1,0.1735
ESP,500,1.0,47.5,225,733.56,0.1736
ESP,500,1.4,47.5,225,732.67,0.1738
ESP,500,1.3,27.5,90,701.37,0.1811
ESP,500,1.2,27.5,90,701.11,0.1812
ESP,500,1.4,27.5,90,701.05,0.1812
ESP,500,1.1,27.5,90,700.7,0.1813
ESP,500,1.0,27.5,90,700.1,0.1814
ESP,500,1.3,32.5,90,686.92,0.1847
ESP,500,1.2,32.5,90,686.65,0.1848
ESP,500,1.4,32.5,90,686.5,0.1848
ESP,500,1.1,32.5,90,686.23,0.1849
ESP,500,1.0,32.5,90,685.61,0.185
ESP,500,1.2,27.5,270,671.02,0.1888
ESP,500,1.2,37.5,90,670.96,0.1888
ESP,500,1.3,27.5,270,671.32,0.1888
ESP,500,1.3,37.5,90,671.24,0.1888
ESP,500,1.4,27.5,270,671.3,0.1888
ESP,500,1.4,37.5,90,670.76,0.1889
ESP,500,1.1,27.5,270,670.57,0.189
ESP,500,1.1,37.5,90,670.53,0.189
ESP,500,1.0,27.5,270,669.93,0.1891
ESP,500,1.0,37.5,90,669.9,0.1891
ESP,500,1.3,32.5,270,654.34,0.1934
ESP,500,1.3,42.5,90,654.26,0.1934
ESP,500,1.4,32.5,270,654.33,0.1934
ESP,500,1.2,32.5,270,654.03,0.1935
ESP,500,1.2,42.5,90,653.97,0.1935
ESP,500,1.1,32.5,270,653.56,0.1936
ESP,500,1.1,42.5,90,653.52,0.1936
ESP,500,1.4,42.5,90,653.74,0.1936
ESP,500,1.0,32.5,270,652.91,0.1938
ESP,500,1.0,42.5,90,652.88,0.1938
ESP,500,1.3,37.5,270,636.78,0.1984
ESP,500,1.4,37.5,270,636.79,0.1984
ESP,500,1.2,37.5,270,636.46,0.1985
ESP,500,1.3,47.5,90,636.21,0.1986
ESP,500,1.1,37.5,270,635.98,0.1987
ESP,500,1.2,47.5,90,635.9,0.1987
ESP,500,1.1,47.5,90,635.43,0.1988
ESP,500,1.4,47.5,90,635.75,0.1988
ESP,500,1.0,37.5,270,635.3,0.1989
ESP,500,1.0,47.5,90,634.77,0.199
ESP,500,1.3,42.5,270,618.28,0.2041
ESP,500,1.4,42.5,270,618.32,0.2041
ESP,500,1.2,42.5,270,617.93,0.2042
ESP,500,1.1,42.5,270,617.43,0.2044
ESP,500,1.0,42.5,270,616.74,0.2046
ESP,500,1.3,47.5,270,599.1,0.2103
ESP,500,1.4,47.5,270,599.19,0.2103
ESP,500,1.2,47.5,270,598.73,0.2104
ESP,500,1.1,47.5,270,598.21,0.2106
ESP,500,1.0,47.5,270,597.5,0.2108
ESP,100,1.2,27.5,180,166.33,0.7315
ESP,100,1.2,32.5,180,166.33,0.7315
ESP,100,1.3,27.5,180,166.31,0.7315
ESP,100,1.3,32.5,180,166.29,0.7316
ESP,100,1.1,27.5,180,166.28,0.7317
ESP,100,1.1,32.5,180,166.28,0.7317
ESP,100,1.0,27.5,180,166.19,0.7321
ESP,100,1.0,32.5,180,166.19,0.7321
ESP,100,1.4,27.5,180,165.79,0.7338
ESP,100,1.4,32.5,180,165.61,0.7346
ESP,100,1.2,37.5,180,165.35,0.7357
ESP,100,1.1,37.5,180,165.31,0.7359
ESP,100,1.3,37.5,180,165.27,0.7361
ESP,100,1.0,37.5,180,165.22,0.7363
ESP,100,1.4,37.5,180,164.43,0.7398
ESP,100,1.2,42.5,180,163.45,0.7442
ESP,100,1.1,42.5,180,163.4,0.7444
ESP,100,1.0,42.5,180,163.31,0.7448
ESP,100,1.3,42.5,180,163.31,0.7448
ESP,100,1.4,42.5,180,162.35,0.7492
ESP,100,1.2,47.5,180,160.61,0.7572
ESP,100,1.1,47.5,180,160.56,0.7574
ESP,100,1.0,47.5,180,160.47,0.7578
ESP,100,1.3,47.5,180,160.44,0.758
ESP,100,1.2,27.5,135,159.79,0.761
ESP,100,1.3,27.5,135,159.8,0.761
ESP,100,1.1,27.5,135,159.73,0.7613
ESP,100,1.0,27.5,135,159.64,0.7617
ESP,100,1.4,27.5,135,159.4,0.7628
ESP,100,1.4,47.5,180,159.41,0.7628
ESP,100,1.2,32.5,135,159.12,0.7642
ESP,100,1.3,32.5,135,159.11,0.7642
ESP,100,1.1,32.5,135,159.06,0.7644
ESP,100,1.0,32.5,135,158.97,0.7649
ESP,100,1.4,32.5,135,158.62,0.7665
ESP,100,1.2,37.5,135,157.71,0.7709
ESP,100,1.3,37.5,135,157.7,0.7709
ESP,100,1.1,37.5,135,157.66,0.7711
ESP,100,1.0,37.5,135,157.56,0.7716
ESP,100,1.4,37.5,135,157.11,0.7738
ESP,100,1.2,42.5,135,155.68,0.7808
ESP,100,1.3,42.5,135,155.66,0.7809
ESP,100,1.1,42.5,135,155.62,0.7811
ESP,100,1.0,42.5,135,155.53,0.7816
ESP,100,1.3,27.5,225,155.31,0.7826
ESP,100,1.2,27.5,225,155.29,0.7827
ESP,100,1.1,27.5,225,155.23,0.783
ESP,100,1.0,27.5,225,155.13,0.7835
ESP,100,1.4,27.5,225,155.06,0.7839
ESP,100,1.4,42.5,135,154.98,0.7843
ESP,100,1.3,32.5,225,154.22,0.7881
ESP,100,1.2,32.5,225,154.2,0.7882
ESP,100,1.1,32.5,225,154.14,0.7885
ESP,100,1.0,32.5,225,154.04,0.789
ESP,100,1.4,32.5,225,153.93,0.7896
ESP,100,1.2,47.5,135,152.82,0.7952
ESP,100,1.3,47.5,135,152.78,0.7954
ESP,100,1.1,47.5,135,152.76,0.7956
ESP,100,1.0,47.5,135,152.66,0.7961
ESP,100,1.3,37.5,225,152.36,0.7976
ESP,100,1.2,37.5,225,152.35,0.7977
ESP,100,1.1,37.5,225,152.28,0.798
ESP,100,1.0,37.5,225,152.18,0.7985
ESP,100,1.4,47.5,135,152.08,0.7991
ESP,100,1.4,37.5,225,152.04,0.7993
ESP,100,1.3,42.5,225,149.94,0.8103
ESP,100,1.2,42.5,225,149.92,0.8104
ESP,100,1.1,42.5,225,149.86,0.8108
ESP,100,1.0,42.5,225,149.75,0.8113
ESP,100,1.4,42.5,225,149.58,0.8122
ESP,100,1.3,47.5,225,146.92,0.8268
ESP,100,1.2,47.5,225,146.89,0.827
ESP,100,1.1,47.5,225,146.82,0.8273
ESP,100,1.0,47.5,225,146.71,0.8279
ESP,100,1.4,47.5,225,146.53,0.8289
ESP,100,1.3,27.5,90,140.27,0.8655
ESP,100,1.2,27.5,90,140.22,0.8658
ESP,100,1.4,27.5,90,140.21,0.8659
ESP,100,1.1,27.5,90,140.14,0.8663
ESP,100,1.0,27.5,90,140.02,0.867
ESP,100,1.3,32.5,90,137.38,0.8835
ESP,100,1.2,32.5,90,137.33,0.8838
ESP,100,1.4,32.5,90,137.3,0.884
ESP,100,1.1,32.5,90,137.25,0.8843
ESP,100,1.0,32.5,90,137.12,0.8851
ESP,100,1.3,27.5,270,134.26,0.9038
ESP,100,1.4,27.5,270,134.26,0.9038
ESP,100,1.3,37.5,90,134.25,0.9039
ESP,100,1.2,27.5,270,134.2,0.9042
ESP,100,1.2,37.5,90,134.19,0.9042
ESP,100,1.4,37.5,90,134.15,0.9045
ESP,100,1.1,27.5,270,134.11,0.9048
ESP,100,1.1,37.5,90,134.11,0.9048
ESP,100,1.0,27.5,270,133.99,0.9056
ESP,100,1.0,37.5,90,133.98,0.9057
ESP,100,1.3,32.5,270,130.87,0.927
ESP,100,1.4,32.5,270,130.87,0.927
ESP,100,1.3,42.5,90,130.85,0.9271
ESP,100,1.2,32.5,270,130.81,0.9274
ESP,100,1.2,42.5,90,130.79,0.9275
ESP,100,1.4,42.5,90,130.75,0.9278
ESP,100,1.1,32.5,270,130.71,0.928
ESP,100,1.1,42.5,90,130.7,0.9281
ESP,100,1.0,32.5,270,130.58,0.929
ESP,100,1.0,42.5,90,130.58,0.929
ESP,100,1.3,37.5,270,127.36,0.9522
ESP,100,1.4,37.5,270,127.36,0.9522
ESP,100,1.2,37.5,270,127.29,0.9527
ESP,100,1.3,47.5,90,127.24,0.9531
ESP,100,1.1,37.5,270,127.2,0.9534
ESP,100,1.2,47.5,90,127.18,0.9535
ESP,100,1.4,47.5,90,127.15,0.9538
ESP,100,1.1,47.5,90,127.09,0.9542
ESP,100,1.0,37.5,270,127.06,0.9544
ESP,100,1.0,47.5,90,126.95,0.9552
ESP,100,1.3,42.5,270,123.66,0.9804
ESP,100,1.4,42.5,270,123.66,0.9804
ESP,100,1.2,42.5,270,123.59,0.981
ESP,100,1.1,42.5,270,123.49,0.9818
ESP,100,1.0,42.5,270,123.35,0.9829
ESP,100,1.4,47.5,270,119.84,1.0114
ESP,100,1.3,47.5,270,119.82,1.0115
ESP,100,1.2,47.5,270,119.75,1.0121
ESP,100,1.1,47.5,270,119.64,1.013
ESP,100,1.0,47.5,270,119.5,1.0142
